"ID","Description","setSize","enrichmentScore","NES","pvalue","p.adjust","qvalue","rank","leading_edge","core_enrichment","SearchTerm","Database","Contrast"
"GOBP_CALCIUM_INDEPENDENT_CELL_CELL_ADHESION_VIA_PLASMA_MEMBRANE_CELL_ADHESION_MOLECULES","GOBP_CALCIUM_INDEPENDENT_CELL_CELL_ADHESION_VIA_PLASMA_MEMBRANE_CELL_ADHESION_MOLECULES",17,0.617694885951384,1.91306011396993,0.00200661521499449,0.0190880168567716,0.0143566913343897,4761,"tags=65%, list=23%, signal=50%","CLDN19/CLDN12/CLDN3/CLDN5/BMP2/CLDN11/CLDN16/CLDN4/CLDN2/CLDN18/CLDN1","calcium","gobp","G32A_vs_Ctrl_D35"
"REACTOME_RESPONSE_TO_ELEVATED_PLATELET_CYTOSOLIC_CA2","REACTOME_RESPONSE_TO_ELEVATED_PLATELET_CYTOSOLIC_CA2",108,0.358225115386699,1.70091227256391,0.000493058258725834,0.00298369366845773,0.00192081722041741,5303,"tags=40%, list=25%, signal=30%","RARRES2/APOOL/PSAP/VEGFA/PDGFA/CLU/MMRN1/SERPING1/LAMP2/APP/VWF/SELENOP/STXBP3/HABP4/TIMP3/MAGED2/GAS6/CD9/PHACTR2/IGF1/PROS1/CDC37L1/CYB5R1/CD36/LHFPL2/LGALS3BP/PCYOX1L/ALDOA/A1BG/EGF/HSPA5/APLP2/VEGFC/PECAM1/SPARC/ALB/NHLRC2/APOA1/STXBP2/TUBA4A/IGF2/GTPBP2/SCCPDH","Ca2+","reactome","G32A_vs_Ctrl_D35"
"REACTOME_ELEVATION_OF_CYTOSOLIC_CA2_LEVELS","REACTOME_ELEVATION_OF_CYTOSOLIC_CA2_LEVELS",13,0.622309285397924,1.7789743463362,0.0088032772596531,0.0337285326960082,0.0217134711605271,4420,"tags=54%, list=21%, signal=43%","STIM1/P2RX4/ITPR1/P2RX6/P2RX2/ITPR3/P2RX3","Ca2+","reactome","G32A_vs_Ctrl_D35"
"PUJANA_BRCA2_PCC_NETWORK","PUJANA_BRCA2_PCC_NETWORK",393,-0.611040005253335,-3.21128058831855,1.31602048298385e-54,9.82080285426698e-52,6.76365264017753e-52,4389,"tags=63%, list=21%, signal=51%","MRPL9/ITGB3BP/CDK1/BUB1B/PFDN4/TCF3/ZNF101/CKS2/LEF1/KIF23/DHX15/ASF1A/KIF14/METAP1/CDC27/PPP1CC/RNF4/POLR2B/TBCD/GNPAT/RPA1/DCP2/AURKA/TMSB15A/SRPK1/KIAA0930/STIL/PAICS/DDX46/DBF4/POLD2/TYMS/STAU2/HMMR/FUBP1/RBBP8/DLGAP5/ACAT2/LAT/MPHOSPH6/CDKN2C/PSIP1/MUTYH/NUP205/NCAPD2/CDC25C/RAD51AP1/CPSF4/PNN/MAPRE1/KIF2C/NFATC3/TMEM106C/STMN1/TTK/ORC2/CNOT3/BUB1/RBBP5/NEMP1/RCE1/WDR77/CTPS1/CDC25B/NSD2/TOP2A/RBBP4/ANP32E/TCP1/EXOSC8/MLH1/CSTF1/YTHDC2/CDKN3/PAQR3/CDC7/KIN/DDX23/CENPE/CCNB1/MED20/EZH2/NUDT21/KDM1A/MELK/UBE2S/UBE2C/MYB/CCNA2/KNTC1/FOXK2/RALY/TRRAP/PAK2/TOPBP1/PRKDC/PHF20/CDC6/TOP1/AURKB/BCAS2/TRIM28/HCFC1/DDX11/RIF1/CKAP5/CBX3/SMC3/MAD2L1/CCNB2/SKP2/SUZ12/CENPF/ESPL1/LSM4/GLMN/CDC20/NAE1/DTYMK/GTSE1/SPAG5/ZWINT/TTF2/PLK4/MFHAS1/CENPA/SNRPB/KIF22/SLC25A46/LARP7/ZBTB39/NDC80/ZNF131/BUB3/CCND3/MACROH2A1/HMGN1/MKI67/TROAP/KIF20B/EXOSC9/H2AZ2/TIMELESS/MAZ/TPX2/RRM2/CASP2/DLEU2/CHRNA5/SMC4/CHEK2/CYB5B/PRPF4/CDT1/DEK/KIF11/FANCI/XRCC5/RFXAP/TTI1/SRSF3/CPSF6/MYBL2/RAD51C/CTCF/SAC3D1/RAE1/SNRPA/NCAPH/PCNA/DHFR/SEPHS1/RFC5/RAD1/NASP/POLD3/MCM3/H2AX/FOXM1/BRCA1/SRSF10/SMC2/SMC1A/RFC3/NUP93/CDC45/BLM/ZNF43/TTF1/BRCA2/POLD1/RFC4/RNASEH2B/FEN1/RAD54L/DNMT1/XRCC3/PTDSS1/CENPX/DNAJC9/RRM1/MSH2/UBE2I/WDHD1/POLE/PCLAF/CHEK1/E2F1/TMPO/ILF3/LCT/TFDP1/SIVA1/RPP30/PRIM1/TMEM131L/COPS3/HIRIP3/DUT/MCM4/MAT2A/SSRP1/FANCA/MCM6/NFATC2IP/MCM7/FANCG/CHAF1A/SPC25/LIG1/GINS1/DNAJC5/POLE2/DNA2/LBR/MCM5/EXOSC2/MCM2/CNOT9/USP1/RNASEH2A/DDX39A/UNG/CCNE2/LMNB1/POLA1/CCNF/PAXIP1/TRIM24","Ca2+","cgp","G32A_vs_Ctrl_D35"
"NAKAYAMA_SOFT_TISSUE_TUMORS_PCA2_UP","NAKAYAMA_SOFT_TISSUE_TUMORS_PCA2_UP",80,-0.474805257171519,-2.01155201103398,1.33077113991706e-05,0.000150467873206532,0.000103628231110767,4375,"tags=48%, list=21%, signal=38%","CDK1/CKS2/LEF1/KIF20A/HMMR/DLGAP5/KIF2C/MLLT11/CEP55/SV2A/BUB1/TOP2A/CDKN3/CENPE/CCNB1/MELK/UBE2S/UBE2C/PBK/CCNA2/HMGA2/CCNB2/ASPM/CENPF/ESPL1/CDC20/GTSE1/NUSAP1/CDCA8/CENPA/MKI67/TPX2/RRM2/KIF11/NCAPH/BIRC5/PCLAF/MCM4","Ca2+","cgp","G32A_vs_Ctrl_D35"
"NAKAYAMA_SOFT_TISSUE_TUMORS_PCA2_DN","NAKAYAMA_SOFT_TISSUE_TUMORS_PCA2_DN",66,0.420089441226858,1.81658033890779,0.000515236272633593,0.00376034296775373,0.00258977336366853,4555,"tags=41%, list=22%, signal=32%","TMT1A/TNMD/SEMA3G/MEST/GPC3/ABCC6/PDK4/AGT/SVEP1/CLDN5/LMOD1/CA4/ATP1A2/ACACB/IGF1/CD36/NPY1R/G0S2/PLAAT3/SELENBP1/PLIN1/ABCA8/NTRK2/LPL/BST2/PALMD/PTX3","Ca2+","cgp","G32A_vs_Ctrl_D35"
"JAZAERI_BREAST_CANCER_BRCA1_VS_BRCA2_UP","JAZAERI_BREAST_CANCER_BRCA1_VS_BRCA2_UP",47,-0.472105714080169,-1.80204689248776,0.00146982535016427,0.00909988842347863,0.00626715404780173,4473,"tags=38%, list=21%, signal=30%","NOC2L/HARS1/ENOX2/DLGAP5/MPV17L2/PAF1/MAPRE1/CTNNBL1/RBBP4/SF3B4/RALY/PAK2/GCAT/UBAP2L/GART/NT5DC2/ACTR1A/TATDN2","Ca2+","cgp","G32A_vs_Ctrl_D35"
"HONRADO_BREAST_CANCER_BRCA1_VS_BRCA2","HONRADO_BREAST_CANCER_BRCA1_VS_BRCA2",14,-0.632856064967748,-1.78523502534099,0.00699313602479888,0.0319182125902518,0.0219822865868859,2704,"tags=50%, list=13%, signal=44%","TOP2A/CCNB1/CCNA2/SKP2/CCNE1/MKI67/BIRC5","Ca2+","cgp","G32A_vs_Ctrl_D35"
"GOBP_CALCIUM_INDEPENDENT_CELL_CELL_ADHESION_VIA_PLASMA_MEMBRANE_CELL_ADHESION_MOLECULES","GOBP_CALCIUM_INDEPENDENT_CELL_CELL_ADHESION_VIA_PLASMA_MEMBRANE_CELL_ADHESION_MOLECULES",17,0.723618955020858,2.23774972053715,1.22167952956138e-05,0.000229244570547106,0.000152552345796622,3379,"tags=65%, list=16%, signal=54%","CLDN18/CLDN3/CLDN19/BMP2/CLDN12/CLDN4/CLDN16/CLDN1/CLDN2/CLDN11/CLDN6","calcium","gobp","R403C_vs_Ctrl_D35"
"GOBP_REGULATION_OF_CALCIUM_ION_DEPENDENT_EXOCYTOSIS","GOBP_REGULATION_OF_CALCIUM_ION_DEPENDENT_EXOCYTOSIS",38,-0.457141841891826,-1.67797977423957,0.00827098695659974,0.0363422154153625,0.0241841723877186,5055,"tags=58%, list=24%, signal=44%","SYT4/SYT10/DOC2B/SYT13/SYT15/HYAL3/ADRA2A/DOC2A/PPP3CA/SYT11/STXBP1/RAB3A/NOTCH1/SCAMP5/SYT1/CBARP/CACNA1B/SYT5/SYT2/SYT6/CDK5/CDK5R2","calcium","gobp","R403C_vs_Ctrl_D35"
"GOBP_CALCIUM_ION_REGULATED_EXOCYTOSIS","GOBP_CALCIUM_ION_REGULATED_EXOCYTOSIS",61,-0.391094773956871,-1.58812471940098,0.00983492008035636,0.0411005175410526,0.0273506166334893,5055,"tags=52%, list=24%, signal=40%","UNC13B/SYT4/SYT10/DOC2B/SYT13/SYT15/HYAL3/ADRA2A/VAMP2/RIMS1/DOC2A/PPP3CA/SYT11/UNC13A/STXBP1/RAB3A/NOTCH1/RAPGEF4/SYN2/STX1B/SCAMP5/SYT1/CBARP/SNAP25/CACNA1B/SYT5/SYT2/SYT6/RIMS2/CDK5/CDK5R2/UNC13C","calcium","gobp","R403C_vs_Ctrl_D35"
"GOBP_STORE_OPERATED_CALCIUM_ENTRY","GOBP_STORE_OPERATED_CALCIUM_ENTRY",19,0.539304466688304,1.72104137214814,0.0106051697480456,0.0436478803545574,0.0290457764004919,2467,"tags=37%, list=12%, signal=33%","STIM1/CRACR2B/ORAI3/EFHB/STC2/SLC8B1/SRL","calcium","gobp","R403C_vs_Ctrl_D35"
"REACTOME_PRESYNAPTIC_DEPOLARIZATION_AND_CALCIUM_CHANNEL_OPENING","REACTOME_PRESYNAPTIC_DEPOLARIZATION_AND_CALCIUM_CHANNEL_OPENING",11,-0.657904553380074,-1.73492593783745,0.0113713254642508,0.043896551846945,0.0290086540553272,5563,"tags=73%, list=26%, signal=54%","CACNB1/CACNA1A/CACNA1E/CACNA2D3/CACNB3/CACNA1B/CACNG2/CACNG4","calcium","reactome","R403C_vs_Ctrl_D35"
"REACTOME_RESPONSE_TO_ELEVATED_PLATELET_CYTOSOLIC_CA2","REACTOME_RESPONSE_TO_ELEVATED_PLATELET_CYTOSOLIC_CA2",108,0.474695446858784,2.24897688931272,1.25889816647674e-08,3.88761382274319e-07,2.5690957430524e-07,4586,"tags=47%, list=22%, signal=37%","RARRES2/SELENOP/LAMP2/PDGFA/VWF/CLU/STXBP2/PSAP/CD9/APP/TIMP3/PECAM1/PHACTR2/CYB5R1/STXBP3/VEGFA/IGF2/SERPING1/PROS1/TUBA4A/HABP4/APLP2/LHFPL2/MMRN1/VEGFC/APOOL/HSPA5/IGF1/SPARC/APOA1/CDC37L1/MAGED2/SCCPDH/ECM1/TGFB2/CALU/CD63/TIMP1/CD36/PCYOX1L/PCDH7/QSOX1/F5/ALB/CHID1/GAS6/FN1/TGFB1/ITIH3/GTPBP2/LGALS3BP","Ca2+","reactome","R403C_vs_Ctrl_D35"
"REACTOME_ELEVATION_OF_CYTOSOLIC_CA2_LEVELS","REACTOME_ELEVATION_OF_CYTOSOLIC_CA2_LEVELS",13,0.621893774325655,1.77498270879872,0.00892530700905435,0.0365768119516626,0.0241714676827488,2489,"tags=46%, list=12%, signal=41%","STIM1/P2RX4/ITPR1/ITPR3/P2RX3/P2RX2","Ca2+","reactome","R403C_vs_Ctrl_D35"
"WP_CALCIUM_REGULATION_IN_CARDIAC_CELLS","WP_CALCIUM_REGULATION_IN_CARDIAC_CELLS",134,-0.368987572434447,-1.71909647917698,0.000463054838923067,0.0057353809873629,0.00426711661352928,6358,"tags=47%, list=30%, signal=33%","RGS7/PRKD1/PRKCE/RGS4/GNB4/ADCY5/RYR2/GNB5/KCNB1/RYR3/SLC8A1/CACNB1/ADRA1A/RGS19/YWHAZ/GRK6/CACNA1A/PLCB3/ADCY9/FKBP1A/ADCY1/GNG8/CACNA1E/GJC1/CACNA1D/CAMK4/PRKAR2B/RGS17/CHRM1/GNA11/ARRB1/PRKAR1B/ARRB2/YWHAB/CASQ1/RGS20/GNAO1/CAMK2B/CACNB3/ADCY3/CACNA1B/PRKACB/GRK5/YWHAH/GNG2/GNB1/GNG3/CALM1/PRKCB/GRK4/GNAZ/CALM3/PKIA/GNG4/SLC8A3/GNAQ/GNG13/CAMK1/ADRA1B/RGS6/YWHAG/GJD2/YWHAQ","calcium","wiki","R403C_vs_Ctrl_D35"
"PUJANA_BRCA2_PCC_NETWORK","PUJANA_BRCA2_PCC_NETWORK",393,-0.562413786990984,-2.98969603392633,1.26297388830306e-42,1.88498852829232e-39,1.1606065310406e-39,5815,"tags=66%, list=28%, signal=49%","CKS2/MPHOSPH6/PTTG1/BCAS2/HMMR/PPP1CC/SYCP2/CASP2/PRPF4/LAT/CDC27/RAD21/CBX1/KIN/NFATC3/MPHOSPH9/CDK1/KIF14/BUB1/ORC2/FADS1/HNRNPUL1/SRPK1/RBBP8/CDC6/KIF2C/PNN/CDKN3/CNOT3/METAP1/NCAPD2/WDR77/GLMN/BUB1B/HDAC3/TRRAP/CCNB1/EXOSC8/TCP1/SIVA1/UBE2C/MAPRE1/RBBP5/NFYA/SPAG5/CCND3/TAF4/ZNF101/TCF3/ZNF84/DLGAP5/TRIM28/DDX11/UBE2S/MELK/RPP30/EXOSC9/PRKDC/GMPS/PPP2R5C/TROAP/TTF2/ANP32E/NEMP1/ZNF354A/MFHAS1/TYMS/DTYMK/LARP7/TOPBP1/TTI1/TTK/SKP2/MAD2L1/DNAJC9/CCNA2/CHEK2/MLH1/SNRPB/SRP9/DBF4/AURKB/GTSE1/CTPS1/ZWINT/CENPA/CDC25B/NUP205/PAICS/RAD51AP1/HMGN1/NFYB/YTHDC2/CDC25C/HCFC1/ASF1A/CBX3/CCNB2/GNPAT/TOP1/TPX2/RFC3/RAD51C/CDC20/MCM3/RB1/ACAT2/DEK/NDC80/POMK/RIF1/LEF1/SLC25A46/CENPF/ARHGEF7/RFC4/DPY19L2/PLK4/FUBP1/LSM4/FANCI/ZNF131/NUDT21/ZBTB39/NAE1/KIF22/RAE1/MYBL2/TOP2A/RRM2/LCOR/POLD2/CHRNA5/MUTYH/KIF20B/CAMK2B/EZH2/SRSF3/TTF1/CENPE/SEPTIN6/CYB5B/NFATC2IP/ACYP1/FOXK2/PFDN4/TIMELESS/COPS3/RAD1/NCAPH/TMEM106C/CHEK1/CDC7/TFDP1/KNTC1/BUB3/CNOT9/RALY/FEN1/RBBP4/UBE2I/MKI67/PTDSS1/CDT1/SMC4/LCT/SUZ12/DHFR/RFXAP/KIF11/PSIP1/BRCA1/TBCD/MSH2/MACROH2A1/XRCC5/SNRPA/RAD54L/PHF20/DNMT1/GLRA2/TMPO/BLM/SMC2/NASP/CTCF/NSD2/FOXM1/CPSF4/POLE2/DLEU2/WDHD1/POLE/CDKN2C/CDC45/SRSF10/RFC5/ZNF253/XRCC3/ESPL1/ADK/PCNA/CHAF1A/SMC3/SPC25/CENPX/BRCA2/POLD3/KDM1A/RNASEH2B/SEPHS1/H2AX/MCM6/MAT2A/EXOSC2/ZNF43/E2F1/SAC3D1/CKAP5/DNA2/SMARCA4/PCLAF/POLD1/LBR/TMSB15A/NUP93/MCM5/MAZ/FANCA/RRM1/MCM2/MCM4/GINS1/FANCG/STMN1/MCM7/PRIM1/PAQR3/SMC1A/STAU2/PAK2/DDX39A/SSRP1/H2AZ2/ILF3/DUT/KIAA0930/RNASEH2A/TMEM131L/LMNB1/USP1/CCNF/PAXIP1/POLA1/UNG/CPSF6/CCNE2/LIG1/HIRIP3/DNAJC5/TRIM24","Ca2+","cgp","R403C_vs_Ctrl_D35"
"NAKAYAMA_SOFT_TISSUE_TUMORS_PCA2_DN","NAKAYAMA_SOFT_TISSUE_TUMORS_PCA2_DN",66,0.435127611390474,1.87812160583879,0.000484143360531469,0.00294254012681674,0.00181175176282184,4504,"tags=48%, list=21%, signal=38%","MEST/SEMA3G/AGT/TMT1A/TNMD/SVEP1/LMOD1/ABCC6/FZD4/PLAAT3/SELENBP1/IGF1/FOSB/CA4/GPC3/BST2/P3H2/PALMD/NPY1R/MTARC1/TFPI2/RAPGEF3/PLIN1/ACACB/CD36/GPX3/AOC3/G0S2/PTX3/GYG2/ITIH5/CLDN5","Ca2+","cgp","R403C_vs_Ctrl_D35"
"SHEN_SMARCA2_TARGETS_DN","SHEN_SMARCA2_TARGETS_DN",197,-0.295049094603135,-1.45167826461449,0.00658723702888495,0.0247332107310963,0.0152284883845523,3638,"tags=26%, list=17%, signal=22%","CENPI/MIR124-1HG/RUNDC3A/CDK5R1/CAMKV/CENPA/SLC24A2/FABP7/AP4S1/KCNK10/CYP2D6/DIAPH1/RGR/ADD2/ENOX2/KHSRP/PREX2/B3GNT4/MYBL2/KCNJ10/CAMK2B/SLC1A2/BIRC5/AQP8/CHRNA3/SCN2A/GABRA1/GPR21/ESPL1/MAP1A/COA7/PDPK1/E2F1/TEX15/POU2F2/SOX21/NOX1/CIBAR1/LINC00652/REEP2/LZTS1/CACNG3/DGCR5/CCNF/GPR75/DPF1/CRCP/KALRN/GJD2/DAO/NNAT","Ca2+","cgp","R403C_vs_Ctrl_D35"
"NAKAYAMA_SOFT_TISSUE_TUMORS_PCA2_UP","NAKAYAMA_SOFT_TISSUE_TUMORS_PCA2_UP",80,-0.358358931845671,-1.5314904182717,0.0110184327051797,0.0371219205699338,0.0228563425249421,5815,"tags=56%, list=28%, signal=41%","CKS2/HMMR/FGF9/FGFR3/CEP55/CDK1/BUB1/EFNA3/KIF2C/CDKN3/CCNB1/UBE2C/DLGAP5/UBE2S/MELK/HMGA2/SHISAL1/CCNA2/GTSE1/GPSM2/CENPA/CDCA8/CCNB2/TPX2/CDC20/LEF1/CENPF/ASPM/TOP2A/RRM2/NUSAP1/CENPE/PBK/NPTX2/NCAPH/BIRC5/MKI67/KIF11/APLP1/ESPL1/PCLAF/MCM4/NCAM1/SV2A/MLLT11","Ca2+","cgp","R403C_vs_Ctrl_D35"
"SHEN_SMARCA2_TARGETS_UP","SHEN_SMARCA2_TARGETS_UP",412,0.305775688204264,1.55545570083133,2.01883379882927e-05,0.00376638680594086,0.00345858106062594,6512,"tags=42%, list=31%, signal=29%","TFCP2/PPWD1/HNMT/CHTOP/KRIT1/VPS45/NAB1/TLK1/DCAF6/TRMT1L/KANK1/STXBP3/ACVR1/ZDHHC6/PEX11B/ATRX/MED4/RAB28/SNX2/SLC25A46/CTR9/SKIC8/RBM48/ERCC3/RYK/NUP133/DDX46/YTHDC2/ITSN2/NFYB/NSMCE4A/UPF3B/KRCC1/MAP4K3/PDHB/ADSS2/C6orf120/SMARCA2/ANKRD17/ATF1/XPO1/ZMYND11/ZC3H13/TANK/SHOC2/PHKB/HIBCH/ITFG1/GTF2H5/TAF9B/PRKD1/RAB23/PRKD3/NEMF/GLOD4/AKTIP/WDR11/TUBGCP3/PAIP1/NAP1L2/RAF1/BTBD3/CETN3/NF1/FBXO3/PRPF38B/SENP6/UPF3A/TRIP4/MOCS2/UBA3/NFYC/MATR3/NNT/OSTM1/VPS13C/RALB/SEPHS1/AGGF1/SKIC3/EID1/CEP350/TMEM80/RAB2A/NCKAP1/TMEM126B/CREG1/SMC3/ZNF302/CAPZA2/SUCLA2/EED/LARP7/STAG1/SOS2/BEX4/PSMG2/TWF1/TRAK2/SLK/KDM3B/OSBPL8/DERA/UPF2/CUL2/SLTM/COMMD10/LAPTM4A/FMR1/ARHGAP5/DDX1/MFSD6/ATP6AP2/SRSF10/CTCF/MRFAP1L1/ELMO2/APC/NCOA1/SSB/CUL4B/PEX19/MED7/PRKAR1A/ABI1/HNRNPA3/RABGAP1/ACTR3/ANP32A/ATG3/LGALS8/SCFD1/PCMTD2/RWDD3/XRCC5/NUMB/CUL4A/ZFAND6/ATP6V0E1/RSRC2/PON2/NPTN/PPP2R5C/PSMC6/U2SURP/TNPO1/PKP4/RASA1/UBE2G1/ROCK1/DHX29/OSBPL1A/SMARCA5/DLG1/HTATSF1/DPM1/RNF146/SRP14/TMEM230/LIMCH1/MAPK9/ZNF415/TASOR2/ARID4B/ANKHD1/UBQLN2/PCMT1/PUM2/USP1/HMG20A/DEK","Ca2+","cgp","R403C_vs_Ctrl_D65"
"PUJANA_BRCA2_PCC_NETWORK","PUJANA_BRCA2_PCC_NETWORK",393,0.302204069693354,1.53049501601017,6.34184425579245e-05,0.00676085896555016,0.00620833174514419,7470,"tags=46%, list=35%, signal=30%","ASF1A/IDH3B/VPS13A/TIMELESS/NASP/LEF1/ATR/CLGN/NFATC2IP/SLC25A46/TMEM186/TTI1/TBC1D31/MCM5/MCM2/DDX46/YTHDC2/KNTC1/NFYB/DDX23/ITM2A/RNASEH2B/MCM3/PAXIP1/CNOT9/RAD51AP1/GNPAT/XPO1/H2AX/SMARCA4/TOPBP1/ZWINT/TBCD/MCM6/CHEK2/DNMT1/KCTD20/PNN/FANCA/MAT2A/TUBGCP3/CASP6/POLD1/CAD/ZNF131/ANP32E/CBX3/DDX11/PRIM1/EXOSC8/CDC45/BLM/TAF1C/POLE2/RAD51C/SRSF11/LSM4/MAPRE1/MCM7/POLE/ORC2/NAE1/DTYMK/THAP9-AS1/RNASEH2A/CHAF1A/HPRT1/NUP93/TLK2/TOX/UNG/BCAS2/POLA1/HCFC1/ZNF354A/SEPHS1/E2F1/PRPS1/POLR2G/FADS1/HMGN1/CTPS1/XRCC3/SMC3/MCM4/AGPS/GLMN/ATAD2B/LARP7/WDHD1/ZNF84/MED20/TCF3/FANCI/CHEK1/SNRPB/PRKCA/STMN1/RBBP4/STAU2/RECQL/GINS1/EXOSC2/TCF7/SRSF10/CTCF/MYBL2/KDM1A/MPHOSPH9/WDR77/NFYA/PRKDC/RFC3/FZD2/RRM2/POLD3/MTF2/NDC80/TFDP1/XRCC5/RAD54L/DPY19L2/NINL/FANCG/PCNA/BUB1B/AURKB/RUNX1/RFC5/PPP2R5C/TMEM131L/KIN/LMNB1/CDC25B/BRCA1/MRPL9/EZH2/SKP2/TTK/SMC2/LIG3/HMGB2/PCLAF/PAQR3/USP1/COX11/FEN1/DEK/KATNA1/LIG4/CPSF4/PCCB/METAP1/ESPL1/ILF3/SMC1A/CASP2/LIG1/CDC27/MUTYH/BRCA2/SRPK1/POLR2B/CLINT1/POLD2/RIF1/MSH2/FASTKD2/PLK4/TRRAP/RBBP8/TMEM106C/PEX1/DNA2/ABCC1/CNTRL/DHX15/TMPO/TTF2","Ca2+","cgp","R403C_vs_Ctrl_D65"
"GOBP_CALCIUM_ION_IMPORT_ACROSS_PLASMA_MEMBRANE","GOBP_CALCIUM_ION_IMPORT_ACROSS_PLASMA_MEMBRANE",33,0.557633634142361,2.10161861171914,9.86265527354651e-05,0.00174143193667602,0.00141207020152622,6394,"tags=61%, list=30%, signal=42%","TRPV2/PPP3CB/CACNA1F/PPP3CC/ATP2B4/KCNN4/CACNA1I/PPP3R1/CACNA1D/TRPM2/SLC8A2/SLC24A4/CACNA1G/P2RX5/CACNA1E/CACNA1H/TRPV4/SLC24A2/CACNA1B/PRNP","calcium","gobp","Time_Ctrl"
"GOBP_CALCIUM_ION_TRANSMEMBRANE_IMPORT_INTO_CYTOSOL","GOBP_CALCIUM_ION_TRANSMEMBRANE_IMPORT_INTO_CYTOSOL",149,0.320250733167871,1.63569256596102,0.000190615987262329,0.00311296074761176,0.00252419805657965,6394,"tags=43%, list=30%, signal=30%","NOL3/PML/DDIT3/GRIN2C/TRPV2/ITPR3/THY1/GP1BA/SNCA/PPP3CB/ATP1A2/UBASH3B/CACNA1F/PLCH2/PRKCE/APLNR/PPP3CC/FKBP1B/RYR1/ATP2B4/TMEM38A/CD4/PDE4D/GRIN2D/TGFB1/KCNN4/CACNA1I/SLC8B1/JPH4/ADCYAP1R1/PPP3R1/CASQ1/GRIN1/CACNA1D/CACNB3/TRPM2/PLCL1/DRD1/NTSR1/HRC/SLC8A2/PDPK1/GHITM/SLC24A4/PLCG2/GSTM2/CACNA1G/ANK2/JPH3/P2RX5/CACNA1E/CACNA1H/AKAP6/P2RX4/CAPN3/P2RY6/TRPV4/SLC24A2/ERO1A/CAV1/HAP1/CACNA1B/PTK2B/PRNP","calcium","gobp","Time_Ctrl"
"GOBP_CALCIUM_ION_TRANSMEMBRANE_TRANSPORT","GOBP_CALCIUM_ION_TRANSMEMBRANE_TRANSPORT",279,0.265420100589973,1.47346386272012,0.000596393745193918,0.00792706686320249,0.00642779925375667,6394,"tags=40%, list=30%, signal=28%","NOL3/PML/ATP2A3/APP/DDIT3/GRIN2C/GAS6/TRPV2/ITPR3/TRPC4AP/PKD1/THY1/GP1BA/STIM1/SNCA/TLR9/PPP3CB/TPCN1/ATP1A2/UBASH3B/TRPM4/GRINA/ATP2C1/SLC25A25/PKD1L1/CACNA1F/SLN/PLCH2/CACNB4/PRKCE/STAC3/APLNR/PPP3CC/PKD2L1/FKBP1B/RYR1/ATP2B4/TMEM38A/CD4/PDE4D/GRIN2D/PKD1L3/STAC2/MICU1/TGFB1/CACNB2/UBQLN1/ATP2C2/KCNN4/CACNA1I/SLC8B1/JPH4/PKD2L2/ADCYAP1R1/PPP3R1/BIN1/CASQ1/GRIN1/CACNA1D/ATP2B3/CACNG5/UBR3/CACNB3/TRPM2/PKDREJ/PLCL1/GNB5/BHLHA15/DRD1/NTSR1/HRC/NCS1/CACNB1/GPM6A/SLC8A2/HPCA/PDPK1/GHITM/CACNG7/SLC25A23/SLC24A4/PLCG2/GSTM2/CACNA1G/ANK2/JPH3/P2RX5/MCUR1/CACNA1E/CACNA1H/AKAP6/P2RX4/GPR35/CAPN3/TMBIM1/P2RY6/STIM2/CACNG8/TRPV4/CNGA4/TRPC5/GRIN3B/SLC24A2/ERO1A/ATP2A1/CAV1/HAP1/ITGAV/CACNA1B/PTK2B/PRNP","calcium","gobp","Time_Ctrl"
"GOBP_CALCIUM_ION_TRANSPORT","GOBP_CALCIUM_ION_TRANSPORT",349,0.248399939741,1.41245200309955,0.000864849429261399,0.0107357649366013,0.0087052806591459,3545,"tags=22%, list=17%, signal=19%","TSPO/NOL3/PML/SARAF/CAMK2G/ATP2A3/APP/DDIT3/PDGFRB/GRIN2C/GAS6/TRPV2/ITPR3/TRPC4AP/PKD1/BEST1/THY1/UCN/GP1BA/STIM1/SNCA/TLR9/PPP3CB/TPCN1/ATP1A2/UBASH3B/TRPM4/GRINA/ATP2C1/SLC25A25/PKD1L1/SLC3A2/CACNA1F/SLN/PLCH2/CACNB4/PRKCE/GCK/STAC3/APLNR/PPP3CC/PLPP4/PKD2L1/FKBP1B/RYR1/ATP2B4/TMEM38A/CD4/NOS3/PDE4D/GRIN2D/PKD1L3/STAC2/MICU1/TGFB1/CACNB2/UBQLN1/TPT1/ATP2C2/KCNN4/CACNA1I/SLC8B1/JPH4/PKD2L2/ADCYAP1R1/VDR/PPP3R1/BIN1/CASQ1/CRACR2B/GRIN1/CACNA1D/ATP2B3/CACNG5/UBR3/CACNB3/TRPM2/PKDREJ","calcium","gobp","Time_Ctrl"
"GOBP_REGULATION_OF_CALCIUM_ION_TRANSPORT","GOBP_REGULATION_OF_CALCIUM_ION_TRANSPORT",191,0.275470584204125,1.45835447732424,0.00227832798623704,0.0225710132798017,0.0183020964525874,3446,"tags=24%, list=16%, signal=20%","TSPO/PML/SARAF/CAMK2G/APP/PDGFRB/TRPV2/BEST1/THY1/UCN/STIM1/SNCA/TLR9/PPP3CB/ATP1A2/UBASH3B/CACNA1F/SLN/CACNB4/PRKCE/STAC3/APLNR/PPP3CC/PLPP4/FKBP1B/TMEM38A/CD4/NOS3/PDE4D/STAC2/TGFB1/CACNB2/UBQLN1/ATP2C2/KCNN4/SLC8B1/JPH4/ADCYAP1R1/PPP3R1/BIN1/CASQ1/GRIN1/CACNA1D/UBR3/CACNB3","calcium","gobp","Time_Ctrl"
"GOBP_NEGATIVE_REGULATION_OF_CALCIUM_ION_TRANSMEMBRANE_TRANSPORT","GOBP_NEGATIVE_REGULATION_OF_CALCIUM_ION_TRANSMEMBRANE_TRANSPORT",30,0.48498241185213,1.7827855638307,0.00407310428733899,0.0361591911222951,0.0293203054450377,4220,"tags=47%, list=20%, signal=37%","TLR9/PPP3CB/ATP1A2/CACNA1F/SLN/PPP3CC/FKBP1B/TGFB1/UBQLN1/PPP3R1/BIN1/UBR3/GNB5/NTSR1","calcium","gobp","Time_Ctrl"
"GOBP_CALCIUM_ION_IMPORT","GOBP_CALCIUM_ION_IMPORT",66,0.368605585878146,1.62808736229124,0.00445580033029009,0.0385551619899423,0.0312631198580932,6449,"tags=50%, list=31%, signal=35%","DDIT3/PDGFRB/TRPV2/UCN/PPP3CB/CACNA1F/SLN/GCK/PPP3CC/PLPP4/ATP2B4/MICU1/CACNB2/ATP2C2/KCNN4/CACNA1I/PPP3R1/CACNA1D/TRPM2/SLC8A2/SLC24A4/CACNA1G/P2RX5/MCUR1/CACNA1E/CACNA1H/TRPV4/SLC24A2/ATP2A1/CACNA1B/PRNP/CASK/SLC30A1","calcium","gobp","Time_Ctrl"
"GOBP_POSITIVE_REGULATION_OF_CALCIUM_ION_TRANSPORT","GOBP_POSITIVE_REGULATION_OF_CALCIUM_ION_TRANSPORT",82,0.341521482269216,1.5740641460021,0.00447998938076591,0.0386944931172651,0.0313760989122234,6187,"tags=41%, list=29%, signal=29%","TSPO/PDGFRB/TRPV2/THY1/UCN/STIM1/SNCA/PPP3CB/STAC3/APLNR/PPP3CC/CD4/STAC2/CACNB2/ATP2C2/ADCYAP1R1/PPP3R1/CASQ1/GRIN1/CACNA1D/CACNB3/DRD1/NTSR1/PDPK1/ANK2/P2RX5/AKAP6/P2RX4/CAPN3/P2RY6/STIM2/ATP2A1/CAV1/HAP1","calcium","gobp","Time_Ctrl"
"GOMF_CALCIUM_ION_TRANSMEMBRANE_TRANSPORTER_ACTIVITY","GOMF_CALCIUM_ION_TRANSMEMBRANE_TRANSPORTER_ACTIVITY",164,0.28458644763025,1.47329579525361,0.00295149285653178,0.0281879043346933,0.0218845244436746,6324,"tags=40%, list=30%, signal=28%","ATP2A3/TRPV2/ITPR3/TRPC4AP/PKD1/CABP4/STIM1/TPCN1/TRPM4/GRINA/ATP2C1/PKD1L1/STX1A/CACNA1F/CACNB4/PKD2L1/FKBP1B/RYR1/ATP2B4/PDE4D/GRIN2D/PKD1L3/GEM/MICU1/AMBP/CACNB2/ATP2C2/CACNA1I/SLC8B1/PKD2L2/GRIN1/RRAD/CACNA1D/ATP2B3/CACNG5/CACNB3/TRPM2/PKDREJ/TNNI3/NCS1/CACNB1/GRIK2/GPM6A/SLC8A2/GHITM/CACNG7/SLC24A4/GSTM2/CACNA1G/SLC11A2/CACNA1E/CACNA1H/P2RX4/CABP1/TMBIM1/STIM2/CACNG8/TRPV4/CNGA4/TRPC5/GRIN3B/SLC24A2/ATP2A1/NRXN1/ITGAV/CACNA1B","calcium","gomf","Time_Ctrl"
"GOMF_HIGH_VOLTAGE_GATED_CALCIUM_CHANNEL_ACTIVITY","GOMF_HIGH_VOLTAGE_GATED_CALCIUM_CHANNEL_ACTIVITY",13,0.63222779311112,1.82489949750483,0.00607340276624517,0.0471879734491793,0.0366357976149726,6324,"tags=85%, list=30%, signal=59%","CACNA1F/CACNB4/CACNB2/CACNA1I/CACNA1D/CACNB3/CACNB1/CACNA1G/CACNA1E/CACNA1H/CACNA1B","calcium","gomf","Time_Ctrl"
"PUJANA_BRCA2_PCC_NETWORK","PUJANA_BRCA2_PCC_NETWORK",393,-0.702973294816826,-3.50413973008315,6.6232936267577e-87,6.59017715862392e-84,4.72229215774444e-84,2791,"tags=57%, list=13%, signal=50%","RAE1/MLH1/ORC2/CDKN2C/LEF1/POLD2/CBX1/GMPS/MPHOSPH6/BCAS2/WDR77/MAZ/MAPRE1/CDC7/TRIM28/NFATC3/IDH3B/CDKN3/RPP30/TMEM106C/HMGN1/NEMP1/TTF2/RB1/TOPBP1/MPHOSPH9/HIRIP3/TBC1D31/STMN1/RFC3/UBE2S/PRP4K/RFXAP/CDC6/TTF1/RAD51C/EXOSC9/CTCF/NUP93/DDX46/TOP1/CENPX/BUB3/MED20/CKAP5/KIF14/FZD2/BARD1/NAE1/NFATC2IP/GNPAT/TMEM131L/MRPL9/UBE2I/EXOSC8/LARP7/TRRAP/PRPS1/CYB5B/HMMR/TMSB15A/CKS2/RFC4/DNAJC9/AURKA/ITGB3BP/CAD/ASF1A/PNN/RBBP8/RPA1/DLEU2/SRSF3/DBF4/GLMN/PAICS/RCBTB2/SMC3/LCT/EXOSC2/CDT1/STIL/HDAC3/RBBP4/TFDP1/EZH2/HCFC1/MELK/XRCC5/SRP9/ATAD2B/PTTG1/MYB/UNG/CENPA/CNOT9/CPSF4/NUP205/PRKDC/PRIM1/NSD2/DEK/CTPS1/RNASEH2B/DTYMK/CLGN/SNRPB/DDX23/BUB1/SKP2/CENPE/KIF20B/TRIM24/FADS1/ZBTB39/E2F1/FANCI/HMGB2/UBE2C/SPAG5/TCF3/SRSF10/USP1/CHEK1/SPC25/MUTYH/MYBL2/MACROH2A1/CCNB1/TYMS/PAXIP1/SNRPA/CCNE2/FEN1/RRM1/DDX39A/KIF23/RALY/CDC45/NCAPD2/WDHD1/KNTC1/BRCA2/ZWINT/MCM6/TPX2/RRM2/CCNA2/TROAP/MAT2A/MSH2/MKI67/SSRP1/ANP32E/MCM4/PCNA/SMC4/SIVA1/NCAPH/DHFR/FOXM1/KIF2C/PCLAF/SMC2/LBR/POLD3/BRCA1/DLGAP5/FANCA/DNA2/CDK1/ZNF43/MAD2L1/KIF11/RAD54L/GTSE1/CENPF/XRCC3/CCNB2/DNMT1/DDX11/CHAF1A/TTK/POLE2/BUB1B/NDC80/CDC20/POLE/GINS1/MCM3/SMARCA4/TMPO/RAD51AP1/AURKB/POLA1/POLD1/MCM7/CCNF/TOP2A/TBCD/RFC5/ESPL1/FANCG/NASP/MCM5/CDC25C/LSM4/BLM/CHEK2/PLK4/ILF3/TTI1/SMC1A/SEPHS1/H2AX/MCM2/H2AZ2/DUT/KIF22/RNASEH2A/LMNB1/LIG1/TIMELESS","Ca2+","cgp","Time_Ctrl"
"NAKAYAMA_SOFT_TISSUE_TUMORS_PCA2_UP","NAKAYAMA_SOFT_TISSUE_TUMORS_PCA2_UP",80,-0.67198523136706,-2.754864716384,2.56962413015172e-16,7.59438418663652e-15,5.44187205051412e-15,1167,"tags=44%, list=6%, signal=41%","HMMR/CKS2/HJURP/MELK/KIF20A/CENPA/NEK2/BUB1/CENPE/UBE2C/NUSAP1/PBK/CCNB1/ASPM/TPX2/RRM2/CCNA2/MKI67/MCM4/BIRC5/NCAPH/KIF2C/PCLAF/CDCA8/TBL1X/DLGAP5/CDK1/KIF11/GTSE1/CENPF/CCNB2/CDC20/TOP2A/ESPL1/HMGA2","Ca2+","cgp","Time_Ctrl"
"HONRADO_BREAST_CANCER_BRCA1_VS_BRCA2","HONRADO_BREAST_CANCER_BRCA1_VS_BRCA2",14,-0.802626012087504,-2.22270161082046,4.39966283661931e-06,5.09030758422815e-05,3.64753769237472e-05,1524,"tags=57%, list=7%, signal=53%","BCL2/RAD50/SKP2/CCNB1/CCNA2/MKI67/BIRC5/TOP2A","Ca2+","cgp","Time_Ctrl"
"JAZAERI_BREAST_CANCER_BRCA1_VS_BRCA2_UP","JAZAERI_BREAST_CANCER_BRCA1_VS_BRCA2_UP",47,-0.476637363409699,-1.76770572051837,0.00177854098310386,0.0105545622953579,0.0075630329133976,6538,"tags=49%, list=31%, signal=34%","PAK2/CTNNBL1/TUFM/NAGA/NOC2L/PEF1/IL18R1/MPV17L2/UBAP2L/TATDN2/ACTR1A/MNAT1/GART/PAF1/BAD/SF3B4/MAPRE1/ENOX2/GCAT/RBBP4/NT5DC2/RALY/DLGAP5","Ca2+","cgp","Time_Ctrl"
"GOBP_CALCIUM_ION_TRANSMEMBRANE_IMPORT_INTO_CYTOSOL","GOBP_CALCIUM_ION_TRANSMEMBRANE_IMPORT_INTO_CYTOSOL",149,0.356170620227039,1.76849577173536,2.85531875646709e-05,0.000898861858532567,0.00073301015444761,5269,"tags=41%, list=25%, signal=31%","THY1/PPP3CB/UBASH3B/NOL3/PRKCE/ANK2/PPP3R1/GRIN2B/FKBP1B/CACNA1D/CALM1/ADCYAP1R1/SNCA/GRIN2C/PDPK1/PML/ITPR3/CASQ1/SLC24A2/PLN/KCNN4/PLCH2/TRDN/DRD2/JPH3/SLC8A2/GRIN1/CACNA1B/PLCL1/JPH4/TRPM2/CACNA1I/TGFB1/SLC8A3/DRD1/RYR2/CHERP/HTT/JPH1/PDE4D/GHITM/FYN/TRPV2/CALM3/CACNA1E/DDIT3/MCOLN1/CACNB3/HTR2B/RYR3/SLC24A4/CAV1/APLNR/NTSR1/TRPV4/GP1BA/CAPN3/P2RX5/NALF2/CEMIP/PTK2B","calcium","gobp","Time_G32A"
"GOBP_CALCIUM_ION_TRANSMEMBRANE_TRANSPORT","GOBP_CALCIUM_ION_TRANSMEMBRANE_TRANSPORT",279,0.291949049408016,1.57712011130874,0.000156388882625544,0.00358048231274272,0.00291983675594506,4337,"tags=33%, list=21%, signal=27%","THY1/NCS1/PPP3CB/UBASH3B/SLC25A25/NOL3/PRKCE/ATP2C2/ANK2/PPP3R1/GRIN2B/ATP2C1/FKBP1B/CACNA1D/PKD1/CACNG8/MICU1/CALM1/ADCYAP1R1/SNCA/MCUR1/CATSPER2/GAS6/GRIN2C/PDPK1/PML/ITPR3/STAC2/CASQ1/CACNB4/SLC24A2/PLN/KCNN4/TRPC5/PLCH2/TRDN/DRD2/JPH3/SLC8A2/GRIN1/CACNA1B/UBR3/SLC25A23/PLCL1/JPH4/CACNG7/CACNB2/TLR9/PKD1L1/BIN1/TRPC4AP/BHLHA15/TRPM2/ATP2A3/CACNA1I/TGFB1/STIM2/HPCA/SLC8A3/GNB5/DRD1/RYR2/ATP2B3/MICU3/CHERP/SLN/CACNA2D3/HTT/JPH1/PDE4D/GHITM/FYN/GPM6A/UBQLN1/TRPV2/TRPM7/CACNB1/CALM3/CACNA1E/STAC3/LETM2/DDIT3/MCOLN1/CACNB3/ATP2A1/GRINA/HTR2B/PDE4B/RYR3/GRIN3A/SLC24A4/CAV1/ASIC1","calcium","gobp","Time_G32A"
"GOBP_CALCIUM_ION_TRANSPORT","GOBP_CALCIUM_ION_TRANSPORT",349,0.264870318745575,1.46673373781708,0.000545791944110905,0.00956635330611971,0.0078012366948877,4337,"tags=31%, list=21%, signal=25%","TSPO/THY1/NCS1/CAMK2G/PPP3CB/UBASH3B/SLC25A25/NOL3/PRKCE/ATP2C2/ANK2/PPP3R1/GRIN2B/RCVRN/ATP2C1/FKBP1B/CACNA1D/PKD1/CACNG8/DNM1L/INPP5K/MICU1/CALM1/ADCYAP1R1/SNCA/MCUR1/CATSPER2/GAS6/GRIN2C/PDPK1/PML/ITPR3/CYP27B1/STAC2/CASQ1/CACNB4/SLC24A2/SARAF/PLN/KCNN4/TRPC5/PLCH2/TRDN/DRD2/JPH3/UCN/SLC8A2/GRIN1/CACNA1B/UBR3/RAMP2/CAMK2B/HOMER1/PRKCB/SLC25A23/PLCL1/JPH4/CACNG7/CACNB2/TLR9/PKD1L1/BIN1/PDGFB/TRPC4AP/BHLHA15/TRPM2/ATP2A3/CACNA1I/BEST1/TGFB1/STIM2/OPRD1/HPCA/SLC8A3/GNB5/DRD1/RYR2/ATP2B3/MICU3/CHERP/SLN/CACNA2D3/HTT/JPH1/PDE4D/GHITM/FYN/GPM6A/UBQLN1/TRPV2/TRPM7/CACNB1/CALM3/CACNA1E/STAC3/LETM2/DDIT3/MCOLN1/CACNB3/ATP2A1/GRINA/HTR2B/PDE4B/RYR3/GRIN3A/SLC24A4/CAV1/ASIC1","calcium","gobp","Time_G32A"
"GOBP_CALCIUM_ION_IMPORT_ACROSS_PLASMA_MEMBRANE","GOBP_CALCIUM_ION_IMPORT_ACROSS_PLASMA_MEMBRANE",33,0.524616443215179,1.92852963443126,0.000739500184875046,0.0124158188934284,0.0101249388193233,5928,"tags=58%, list=28%, signal=41%","PPP3CB/PPP3R1/CACNA1D/SLC24A2/KCNN4/SLC8A2/CACNA1B/TRPM2/CACNA1I/SLC8A3/FYN/TRPV2/CACNA1E/SLC24A4/TRPV4/P2RX5/NALF2/CACNA1A/PPP3CA","calcium","gobp","Time_G32A"
"GOBP_REGULATION_OF_CALCIUM_ION_TRANSPORT","GOBP_REGULATION_OF_CALCIUM_ION_TRANSPORT",191,0.287392588645687,1.47898334050894,0.00256171986839792,0.0305165054767776,0.0248858132986668,3631,"tags=28%, list=17%, signal=23%","TSPO/THY1/CAMK2G/PPP3CB/UBASH3B/PRKCE/ATP2C2/ANK2/PPP3R1/RCVRN/FKBP1B/CACNA1D/INPP5K/CALM1/ADCYAP1R1/SNCA/PDPK1/PML/STAC2/CASQ1/CACNB4/SARAF/PLN/KCNN4/TRDN/JPH3/UCN/GRIN1/UBR3/CAMK2B/HOMER1/JPH4/CACNB2/TLR9/BIN1/PDGFB/BEST1/TGFB1/STIM2/OPRD1/HPCA/GNB5/DRD1/RYR2/SLN/HTT/JPH1/PDE4D/FYN/UBQLN1/TRPV2/CACNB1/CALM3","calcium","gobp","Time_G32A"
"GOBP_REGULATION_OF_CALCIUM_ION_TRANSMEMBRANE_TRANSPORT","GOBP_REGULATION_OF_CALCIUM_ION_TRANSMEMBRANE_TRANSPORT",135,0.309551080142798,1.51326415006563,0.00433119179961019,0.0442836597460145,0.0361127485406095,4131,"tags=32%, list=20%, signal=26%","THY1/PPP3CB/UBASH3B/PRKCE/ANK2/PPP3R1/FKBP1B/CALM1/ADCYAP1R1/SNCA/PDPK1/PML/STAC2/CASQ1/CACNB4/PLN/KCNN4/TRDN/JPH3/GRIN1/UBR3/JPH4/CACNB2/TLR9/BIN1/TGFB1/STIM2/HPCA/GNB5/DRD1/RYR2/SLN/HTT/JPH1/PDE4D/FYN/UBQLN1/CACNB1/CALM3/STAC3/CACNB3/ATP2A1/PDE4B","calcium","gobp","Time_G32A"
"GOBP_CALCIUM_ION_IMPORT","GOBP_CALCIUM_ION_IMPORT",66,0.378910750373173,1.62800233047331,0.00496812685737619,0.0491167087036056,0.0400540371037267,5333,"tags=44%, list=25%, signal=33%","PPP3CB/ATP2C2/PPP3R1/CACNA1D/MICU1/MCUR1/SLC24A2/PLN/KCNN4/UCN/SLC8A2/CACNA1B/HOMER1/CACNB2/PDGFB/TRPM2/CACNA1I/SLC8A3/SLN/FYN/TRPV2/CACNA1E/DDIT3/ATP2A1/SLC24A4/TRPV4/P2RX5/NALF2/PLPP4","calcium","gobp","Time_G32A"
"GOMF_CALCIUM_ION_TRANSMEMBRANE_TRANSPORTER_ACTIVITY","GOMF_CALCIUM_ION_TRANSMEMBRANE_TRANSPORTER_ACTIVITY",164,0.320026984846531,1.61037414869081,0.000637504903883876,0.0168408010325803,0.0143546750778348,4172,"tags=35%, list=20%, signal=28%","NCS1/ATP2C2/GRIN2B/ATP2C1/FKBP1B/CACNA1D/PKD1/CACNG8/SLC11A2/MICU1/CALM1/CATSPER2/ITPR3/AMBP/CACNB4/SLC24A2/CABP1/TRPC5/STX1A/GRIA1/SLC8A2/GRIN1/GRIK3/CACNA1B/PRKCB/CACNG7/CACNB2/PKD1L1/TRPC4AP/TRPM2/ATP2A3/CACNA1I/GRIA3/STIM2/CABP4/SLC8A3/RYR2/ATP2B3/MICU3/CACNA2D3/PDE4D/GHITM/GPM6A/TRPV2/TRPM7/CACNB1/CALM3/CACNA1E/GRIK2/NRXN1/MCOLN1/CACNB3/ATP2A1/GRINA/PDE4B/RYR3/GRIN3A","calcium","gomf","Time_G32A"
"GOCC_CALCIUM_CHANNEL_COMPLEX","GOCC_CALCIUM_CHANNEL_COMPLEX",58,0.401572479542282,1.68048310035115,0.00349934528378561,0.0190790390689877,0.0131325543830856,4142,"tags=47%, list=20%, signal=38%","FKBP1B/CACNA1D/PKD1/CACNG8/MICU1/CALM1/CATSPER2/CACNB4/TRPC5/CACNA1B/CATSPERG/CACNG7/CACNB2/PKD1L1/CACNA1I/RYR2/MICU3/CACNA2D3/PDE4D/CACNB1/CALM3/CACNA1E/STAC3/CACNB3/ATP2A1/PDE4B/RYR3","calcium","gocc","Time_G32A"
"REACTOME_ROLE_OF_LAT2_NTAL_LAB_ON_CALCIUM_MOBILIZATION","REACTOME_ROLE_OF_LAT2_NTAL_LAB_ON_CALCIUM_MOBILIZATION",14,0.765201342199671,2.22149378006805,3.79822650922906e-05,0.000734134825291288,0.000543626763536162,3492,"tags=64%, list=17%, signal=54%","PIK3CB/GAB2/PIK3R2/PDPK1/PIK3CA/SOS1/GRB2/FYN/FCER1G","calcium","reactome","Time_G32A"
"REACTOME_RAS_ACTIVATION_UPON_CA2_INFLUX_THROUGH_NMDA_RECEPTOR","REACTOME_RAS_ACTIVATION_UPON_CA2_INFLUX_THROUGH_NMDA_RECEPTOR",19,0.555781526330671,1.76521651131429,0.00693277757693044,0.0446664027966414,0.0330754667325668,3718,"tags=47%, list=18%, signal=39%","CAMK2G/ACTN2/LRRC7/GRIN2B/CALM1/GRIN1/CAMK2B/DLG2/DLG4","Ca2+","reactome","Time_G32A"
"WP_CALCIUM_REGULATION_IN_CARDIAC_CELLS","WP_CALCIUM_REGULATION_IN_CARDIAC_CELLS",134,0.354564916212952,1.73164928329915,0.000139089801393038,0.00446351817197657,0.00370018801792004,4183,"tags=37%, list=20%, signal=30%","CAMK2G/ADCY1/YWHAG/GRK5/PRKCD/PRKCE/PRKACB/PRKCA/CACNA1D/GNAZ/GNAQ/CALM1/GJB3/RGS10/ITPR3/GJA4/CASQ1/YWHAH/GNB1/PLN/ARRB1/CACNA1B/CAMK2B/PRKCG/GRK4/PRKCB/GNAI1/ATP2A3/PRKCZ/CHRM1/STIM2/ATP1A4/SLC8A3/PRKCH/GNB5/GNG8/CAMK1/RYR2/ATP2B3/CAMK4/PRKAR2B/RGS7/CACNB1/CALM3/CACNA1E/GNAO1/CACNB3/KCNJ3/RYR3/ADRA1B","calcium","wiki","Time_G32A"
"PUJANA_BRCA2_PCC_NETWORK","PUJANA_BRCA2_PCC_NETWORK",393,-0.509590438649714,-2.73130625396045,1.38582982186059e-31,5.90957431179125e-29,4.78684376062223e-29,4876,"tags=50%, list=23%, signal=39%","POLD3/CDC6/GNPAT/LIG3/DCBLD2/WDHD1/POLR2G/TCF7/TRIM28/VPS13A/TBC1D31/XRCC5/FAT1/RPIA/TMEM106C/KNTC1/CHEK1/SRSF3/CPSF4/FANCA/FANCI/UBE2I/RAG1/POLA1/MED20/RHOH/ADK/MSH2/MYBL1/SRSF10/CCNE2/DNA2/BUB3/LINC00869/NFATC3/ZNF273/ITGB3BP/MCM4/TRAPPC6A/IDH3B/NEMP1/DTYMK/CHAF1A/DDX39A/BRCA2/DNMT1/CBX1/ZNF43/ASF1A/POLE2/UBE2S/KIF20B/DDX23/GMPS/KIF14/PRKDC/SMC5/SPC25/FEN1/SSRP1/CAD/SIVA1/SNRNP200/HMMR/TOP1/MCM7/MPHOSPH9/TMSB15A/RBBP8/ALDH1A2/DEK/CCNF/ZWINT/CDC45/SKP2/SMC2/CDT1/NASP/EZH2/POLE/GINS1/ELOVL5/MACROH2A1/CENPE/DLEU2/POLD1/RRM1/MUTYH/LBR/TFDP2/MYBL2/SNRPB/SPAG5/CTPS1/SNRPA/FOXM1/PCNA/XRCC3/IL15/DBF4/ATAD2B/ITGA4/TTI1/CDC23/ZBTB39/NSD2/PRP4K/RAD54L/NCAPD2/MELK/BRCA1/TROAP/PCLAF/MCM5/AURKA/RRM2/PAICS/NCAPH/ARHGAP19/SMC4/HDAC4/TOX/EPHB6/MKI67/DDX11/RB1/DHFR/RPA1/CKS2/CENPA/BUB1/MCM3/STIL/SRP9/NUP205/MCM2/TBCD/CENPF/RALY/UBE2C/CHEK2/RNASEH2A/KIF11/BLM/COX11/HDAC3/ILF3/FANCG/AURKB/ANP32E/NDC80/GTSE1/CCNB1/LIG1/SMARCA4/ESPL1/TPX2/SMC1A/LMNB1/HMGB2/TYMS/H2AX/FADS1/MRPL9/CDC20/CCNA2/KIF23/RAD51AP1/RFC5/MAD2L1/CCNB2/RBBP4/PLK4/TMPO/TTK/FZD2/KIF2C/LSM4/TOP2A/PTTG1/CDK1/TCF3/SEPHS1/BUB1B/BARD1/DLGAP5/KIF22/H2AZ2/DUT/CDC25C/TIMELESS/PRPS1/RCBTB2/MYB/CLGN","Ca2+","cgp","Time_G32A"
"NAKAYAMA_SOFT_TISSUE_TUMORS_PCA2_UP","NAKAYAMA_SOFT_TISSUE_TUMORS_PCA2_UP",80,-0.587128437922916,-2.52835329536891,1.04601481586327e-10,3.95234712069854e-09,3.20146040244893e-09,3866,"tags=56%, list=18%, signal=46%","CEP55/MCM4/FGFR3/SLC16A3/SHOX2/UBE2S/HMMR/PBK/CENPE/FOXD1/ASPM/MELK/PCLAF/RRM2/TRPS1/NCAPH/MKI67/CKS2/CENPA/BIRC5/BUB1/NUSAP1/CENPF/UBE2C/KIF11/CDH11/CDCA8/HJURP/GTSE1/CCNB1/ESPL1/TPX2/CDC20/CCNA2/KIF20A/COL2A1/CCNB2/KIF2C/TOP2A/CDK1/DLGAP5/NEK2/HMGA2/FZD1/TBL1X","Ca2+","cgp","Time_G32A"
"HONRADO_BREAST_CANCER_BRCA1_VS_BRCA2","HONRADO_BREAST_CANCER_BRCA1_VS_BRCA2",14,-0.717261267936714,-2.04393524286018,0.00028608483368935,0.0039535334655681,0.00320242135957328,2555,"tags=57%, list=12%, signal=50%","SKP2/CCND1/MKI67/BIRC5/CCNB1/CCNA2/TOP2A/BCL2","Ca2+","cgp","Time_G32A"
"GOBP_CALCIUM_ION_TRANSPORT","GOBP_CALCIUM_ION_TRANSPORT",349,0.306574549042471,1.69353675226397,3.37491691992092e-06,0.000124222903552474,9.61919640333736e-05,4744,"tags=35%, list=22%, signal=28%","TSPO/NCS1/ANK2/ATP2C2/CACNA1D/PPP3CB/THY1/CAMK2G/MICU1/TRPC5/NOL3/ATP2C1/SLC25A23/SNCA/CACNG8/STAC2/SLC8A2/FKBP1B/CACNB4/NTSR1/CALM1/PLPP4/PPP3R1/GAS6/CACNB3/PRKCE/GRIN2B/UBASH3B/CACNA2D3/GNB5/SLC24A2/PML/ADCYAP1R1/CASQ1/PKD1/RCVRN/INPP5K/PDE4D/SLC25A25/PLCL1/SLC8A3/DNM1L/CAMK2B/GRIN2C/JPH4/FYN/UBR3/ATP2A3/PPP3CA/HOMER2/PDPK1/CACNA1E/MICU3/SLC24A4/CACNG7/CDK5/ITPR3/TRPV2/CACNB1/GRIN1/KCNN4/PKD1L1/JPH1/ASIC1/TLR9/GNAI2/CACNA2D1/CATSPER2/ATP2B3/JPH3/CORO1A/CACNA1B/CLIC2/PLCH2/TRPC1/CALM3/CYP27B1/CHRNB2/PLCB1/SARAF/UCN/TRPM2/RYR3/CACNB2/MCUR1/NALF1/TRDN/FAIM2/HPCA/BHLHA15/GPM6A/AKAP6/UBQLN1/APP/BEST1/TRPC4AP/DRD1/CASK/PDE4B/CAMK2A/TMEM38A/HTR2A/FCRL3/LIME1/ATP1A2/PRKCB/SLC8A1/CEMIP/STIM2/MCOLN1/CACNA1I/SLC24A3/HOMER1/RYR2/RAMP2/GRINA/CHRNA4/NPPA/STAC3/GRIN2D/PLCG1/CACNG5/ATP2B2","calcium","gobp","Time_R403C"
"GOBP_CALCIUM_ION_TRANSMEMBRANE_TRANSPORT","GOBP_CALCIUM_ION_TRANSMEMBRANE_TRANSPORT",279,0.31643398025143,1.70561598119595,9.63388629093581e-06,0.000297407392916954,0.000230297315749366,4744,"tags=36%, list=22%, signal=28%","NCS1/ANK2/ATP2C2/CACNA1D/PPP3CB/THY1/MICU1/TRPC5/NOL3/ATP2C1/SLC25A23/SNCA/CACNG8/STAC2/SLC8A2/FKBP1B/CACNB4/NTSR1/CALM1/PPP3R1/GAS6/CACNB3/PRKCE/GRIN2B/UBASH3B/CACNA2D3/GNB5/SLC24A2/PML/ADCYAP1R1/CASQ1/PKD1/PDE4D/SLC25A25/PLCL1/SLC8A3/GRIN2C/JPH4/FYN/UBR3/ATP2A3/PPP3CA/PDPK1/CACNA1E/MICU3/SLC24A4/CACNG7/ITPR3/TRPV2/CACNB1/GRIN1/KCNN4/PKD1L1/JPH1/ASIC1/TLR9/CACNA2D1/CATSPER2/ATP2B3/JPH3/CORO1A/CACNA1B/CLIC2/PLCH2/TRPC1/CALM3/PLCB1/TRPM2/RYR3/CACNB2/MCUR1/NALF1/TRDN/FAIM2/HPCA/BHLHA15/GPM6A/AKAP6/UBQLN1/APP/TRPC4AP/DRD1/PDE4B/TMEM38A/HTR2A/LIME1/ATP1A2/SLC8A1/CEMIP/STIM2/MCOLN1/CACNA1I/SLC24A3/RYR2/GRINA/NPPA/STAC3/GRIN2D/PLCG1/CACNG5/ATP2B2","calcium","gobp","Time_R403C"
"GOBP_CALCIUM_ION_TRANSMEMBRANE_IMPORT_INTO_CYTOSOL","GOBP_CALCIUM_ION_TRANSMEMBRANE_IMPORT_INTO_CYTOSOL",149,0.382262149302084,1.8933194817349,1.05342695132763e-05,0.000321060379751764,0.000248612998234881,4676,"tags=40%, list=22%, signal=32%","ANK2/CACNA1D/PPP3CB/THY1/NOL3/SNCA/SLC8A2/FKBP1B/NTSR1/CALM1/PPP3R1/CACNB3/PRKCE/GRIN2B/UBASH3B/SLC24A2/PML/ADCYAP1R1/CASQ1/PDE4D/PLCL1/SLC8A3/GRIN2C/JPH4/FYN/PPP3CA/PDPK1/CACNA1E/SLC24A4/ITPR3/TRPV2/GRIN1/KCNN4/JPH1/CACNA2D1/JPH3/CORO1A/CACNA1B/CLIC2/PLCH2/TRPC1/CALM3/PLCB1/TRPM2/RYR3/NALF1/TRDN/AKAP6/DRD1/TMEM38A/HTR2A/LIME1/ATP1A2/SLC8A1/CEMIP/MCOLN1/CACNA1I/RYR2/GRIN2D/PLCG1","calcium","gobp","Time_R403C"
"GOBP_REGULATION_OF_CALCIUM_ION_TRANSPORT","GOBP_REGULATION_OF_CALCIUM_ION_TRANSPORT",191,0.349449883266767,1.79440791521203,1.55124249946929e-05,0.000421744054543212,0.000326577368309323,4676,"tags=37%, list=22%, signal=29%","TSPO/ANK2/ATP2C2/CACNA1D/PPP3CB/THY1/CAMK2G/SNCA/STAC2/FKBP1B/CACNB4/NTSR1/CALM1/PLPP4/PPP3R1/CACNB3/PRKCE/UBASH3B/GNB5/PML/ADCYAP1R1/CASQ1/RCVRN/INPP5K/PDE4D/CAMK2B/JPH4/FYN/UBR3/PPP3CA/HOMER2/PDPK1/TRPV2/CACNB1/GRIN1/KCNN4/JPH1/TLR9/GNAI2/CACNA2D1/JPH3/CORO1A/CLIC2/TRPC1/CALM3/SARAF/UCN/CACNB2/TRDN/HPCA/AKAP6/UBQLN1/APP/BEST1/DRD1/CASK/PDE4B/CAMK2A/TMEM38A/FCRL3/LIME1/ATP1A2/SLC8A1/CEMIP/STIM2/HOMER1/RYR2/NPPA/STAC3/PLCG1","calcium","gobp","Time_R403C"
"GOBP_REGULATION_OF_CALCIUM_ION_TRANSMEMBRANE_TRANSPORT","GOBP_REGULATION_OF_CALCIUM_ION_TRANSMEMBRANE_TRANSPORT",135,0.363065819786268,1.77102248556886,6.33265001443956e-05,0.00128943533272737,0.000998473820865722,4676,"tags=39%, list=22%, signal=30%","ANK2/PPP3CB/THY1/SNCA/STAC2/FKBP1B/CACNB4/NTSR1/CALM1/PPP3R1/CACNB3/PRKCE/UBASH3B/GNB5/PML/ADCYAP1R1/CASQ1/PDE4D/JPH4/FYN/UBR3/PPP3CA/PDPK1/CACNB1/GRIN1/KCNN4/JPH1/TLR9/CACNA2D1/JPH3/CORO1A/CLIC2/TRPC1/CALM3/CACNB2/TRDN/HPCA/AKAP6/UBQLN1/APP/DRD1/PDE4B/TMEM38A/LIME1/ATP1A2/SLC8A1/CEMIP/STIM2/RYR2/NPPA/STAC3/PLCG1","calcium","gobp","Time_R403C"
"GOBP_CALCIUM_ION_IMPORT_ACROSS_PLASMA_MEMBRANE","GOBP_CALCIUM_ION_IMPORT_ACROSS_PLASMA_MEMBRANE",33,0.578209652515358,2.12291908405485,9.80832543673051e-05,0.00182618043637181,0.00141410221328247,5422,"tags=64%, list=26%, signal=47%","CACNA1D/PPP3CB/SLC8A2/PPP3R1/SLC24A2/SLC8A3/FYN/PPP3CA/CACNA1E/SLC24A4/TRPV2/KCNN4/CACNA2D1/CACNA1B/TRPM2/NALF1/SLC8A1/CACNA1I/ATP2B4/CACNA1H/NALF2","calcium","gobp","Time_R403C"
"GOBP_CALCIUM_ION_IMPORT","GOBP_CALCIUM_ION_IMPORT",66,0.441779854877906,1.89387023100126,0.000230938927878225,0.00364700584124523,0.00282405775970593,5534,"tags=50%, list=26%, signal=37%","ATP2C2/CACNA1D/PPP3CB/MICU1/SLC8A2/PLPP4/PPP3R1/SLC24A2/SLC8A3/FYN/PPP3CA/CACNA1E/SLC24A4/CDK5/TRPV2/KCNN4/CACNA2D1/CACNA1B/UCN/TRPM2/CACNB2/MCUR1/NALF1/CASK/FCRL3/SLC8A1/CACNA1I/HOMER1/ATP2B4/GCK/CACNA1H/NALF2/PLN","calcium","gobp","Time_R403C"
"GOBP_POSITIVE_REGULATION_OF_CALCIUM_ION_TRANSPORT","GOBP_POSITIVE_REGULATION_OF_CALCIUM_ION_TRANSPORT",82,0.400047880797439,1.78957376760186,0.000578249555986948,0.00762238051073704,0.00590238781230697,4676,"tags=35%, list=22%, signal=28%","TSPO/ANK2/ATP2C2/CACNA1D/PPP3CB/THY1/SNCA/STAC2/NTSR1/PPP3R1/CACNB3/ADCYAP1R1/CASQ1/PPP3CA/PDPK1/TRPV2/GRIN1/TRPC1/UCN/CACNB2/AKAP6/DRD1/CASK/CAMK2A/CEMIP/STIM2/HOMER1/STAC3/PLCG1","calcium","gobp","Time_R403C"
"GOBP_CALCIUM_ION_REGULATED_EXOCYTOSIS_OF_NEUROTRANSMITTER","GOBP_CALCIUM_ION_REGULATED_EXOCYTOSIS_OF_NEUROTRANSMITTER",15,0.65857682038426,1.95471805894346,0.00128597672994489,0.0142110823389983,0.0110043468807731,3612,"tags=67%, list=17%, signal=55%","SYT1/STXBP1/SNAP25/PPP3CA/RAB3A/CDK5/STX1B/DOC2B/CACNA1B/SYT7","calcium","gobp","Time_R403C"
"GOBP_CALCIUM_ION_HOMEOSTASIS","GOBP_CALCIUM_ION_HOMEOSTASIS",259,0.272998610888189,1.45776019258149,0.00245293303702461,0.02333394289297,0.0180686309153065,3116,"tags=24%, list=15%, signal=21%","PIK3CB/CNR1/ADORA1/ANK2/ATP2C2/SV2A/ANKH/THY1/MICU1/TRPC5/NOL3/ATP2C1/SLC25A23/SNCA/SLC8A2/GRID2IP/FKBP1B/CLCC1/SV2B/CACNB4/NTSR1/CALM1/GRM5/PRKCE/UBASH3B/SLC24A2/PML/GRIK2/CASQ1/C19orf12/PDE4D/PLCL1/SLC8A3/JPH4/ATP2A3/PDPK1/DISC1/MICU3/SLC24A4/ITPR3/GRIN1/HCRTR1/DMTN/JPH1/ATP2B3/JPH3/CORO1A/SNX10/CLIC2/PLCH2/TRPC1/CALM3/CYP27B1/PLCB1/TRPM2/RYR3/PACS2/CD40/CACNB2/MCUR1/GPR12/TRDN","calcium","gobp","Time_R403C"
"GOBP_REGULATION_OF_RELEASE_OF_SEQUESTERED_CALCIUM_ION_INTO_CYTOSOL","GOBP_REGULATION_OF_RELEASE_OF_SEQUESTERED_CALCIUM_ION_INTO_CYTOSOL",65,0.393623674550551,1.68284372396096,0.00324628628957696,0.0290345418609827,0.0224828878294361,4116,"tags=40%, list=19%, signal=32%","ANK2/THY1/SNCA/FKBP1B/NTSR1/CALM1/PRKCE/UBASH3B/CASQ1/PDE4D/JPH4/PDPK1/JPH1/JPH3/CORO1A/CLIC2/TRPC1/CALM3/TRDN/AKAP6/DRD1/TMEM38A/LIME1/ATP1A2/SLC8A1/CEMIP","calcium","gobp","Time_R403C"
"GOBP_POSITIVE_REGULATION_OF_CALCIUM_ION_DEPENDENT_EXOCYTOSIS","GOBP_POSITIVE_REGULATION_OF_CALCIUM_ION_DEPENDENT_EXOCYTOSIS",18,0.585907888712422,1.83264663426941,0.00436601040497807,0.0354692016771138,0.0274655645170634,5401,"tags=78%, list=26%, signal=58%","SYT1/STXBP1/SCAMP5/STX1A/ZP3/PPP3CA/CDK5/DOC2B/CACNA1B/SYT7/DOC2A/CDK5R2/KCNB1/SYT4","calcium","gobp","Time_R403C"
"GOBP_REGULATION_OF_CALCIUM_ION_DEPENDENT_EXOCYTOSIS","GOBP_REGULATION_OF_CALCIUM_ION_DEPENDENT_EXOCYTOSIS",38,0.456042563126116,1.73105839873519,0.00458509026896467,0.0368115049278455,0.0285049765926451,3976,"tags=50%, list=19%, signal=41%","SYT12/SYT1/STXBP1/SCAMP5/STX1A/ZP3/PPP3CA/RAB3A/CDK5/GNAI2/DOC2B/CACNA1B/SYT11/SYT15/SYT7/SYT13/NOTCH1/DOC2A/SYT5","calcium","gobp","Time_R403C"
"GOBP_CALCIUM_ION_REGULATED_EXOCYTOSIS","GOBP_CALCIUM_ION_REGULATED_EXOCYTOSIS",61,0.388255852760985,1.63867161151877,0.00570373409930242,0.0431841260524716,0.0334396136401474,3976,"tags=41%, list=19%, signal=33%","SYN2/PPP3CB/SYT12/SYT1/STXBP1/SCAMP5/STX1A/SNAP25/UNC13A/ZP3/PPP3CA/RAB3A/CDK5/VAMP2/STX1B/GNAI2/DOC2B/CACNA1B/SYT11/SYT15/SYT7/SYT13/NOTCH1/DOC2A/SYT5","calcium","gobp","Time_R403C"
"GOBP_SEQUESTERING_OF_CALCIUM_ION","GOBP_SEQUESTERING_OF_CALCIUM_ION",107,0.329133217232235,1.54356151577352,0.0058471044392378,0.0438802136421087,0.0339786288335748,4269,"tags=34%, list=20%, signal=27%","ANK2/THY1/NOL3/SLC25A23/SNCA/FKBP1B/NTSR1/CALM1/PRKCE/UBASH3B/CASQ1/PDE4D/PLCL1/JPH4/PDPK1/ITPR3/JPH1/JPH3/CORO1A/CLIC2/PLCH2/TRPC1/CALM3/PLCB1/TRPM2/RYR3/TRDN/AKAP6/DRD1/TMEM38A/HTR2A/LIME1/ATP1A2/SLC8A1/CEMIP/MCOLN1","calcium","gobp","Time_R403C"
"GOMF_CALCIUM_ION_TRANSMEMBRANE_TRANSPORTER_ACTIVITY","GOMF_CALCIUM_ION_TRANSMEMBRANE_TRANSPORTER_ACTIVITY",164,0.356046292153798,1.78708129853791,4.49185334290997e-05,0.00209279530749214,0.00170002679150325,4744,"tags=39%, list=22%, signal=30%","NCS1/ATP2C2/CACNA1D/MICU1/TRPC5/ATP2C1/CACNG8/SLC8A2/FKBP1B/CACNB4/CALM1/STX1A/SLC11A2/CACNB3/GRIN2B/CACNA2D3/SLC24A2/GRIK2/PKD1/CABP1/GRIA3/GRIA1/GRIK3/PDE4D/SLC8A3/ATP2A3/CACNA1E/MICU3/SLC24A4/CACNG7/ITPR3/TRPV2/CACNB1/GRIN1/PKD1L1/CACNA2D1/CATSPER2/ATP2B3/CACNA1B/NRXN1/TRPC1/CALM3/TRPM2/RYR3/GRM3/CACNB2/NALF1/FAIM2/GPM6A/TRPC4AP/PDE4B/AMBP/PRKCB/SLC8A1/STIM2/MCOLN1/CACNA1I/SLC24A3/NRXN2/RYR2/GRINA/GRIN2D/CACNG5/ATP2B2","calcium","gomf","Time_R403C"
"GOMF_CALCIUM_CHANNEL_REGULATOR_ACTIVITY","GOMF_CALCIUM_CHANNEL_REGULATOR_ACTIVITY",49,0.426028208322469,1.71311237925272,0.0037815730521816,0.0420382313764667,0.0341486428947729,4468,"tags=41%, list=21%, signal=32%","MICU1/CACNG8/FKBP1B/CALM1/STX1A/CACNB3/CABP1/PDE4D/ATP2A3/MICU3/CACNG7/CACNB1/NRXN1/CALM3/GRM3/PDE4B/AMBP/PRKCB/STIM2/NRXN2","calcium","gomf","Time_R403C"
"GOMF_CALMODULIN_BINDING","GOMF_CALMODULIN_BINDING",183,0.288232416329993,1.47065502895015,0.00435016779218627,0.0450396160302114,0.0365867381565055,5196,"tags=37%, list=25%, signal=28%","CAMK1D/SPTAN1/CAMSAP2/MYO5A/CAMKK2/PPP3CB/DAPK2/CAMK2G/ADCY1/ADD1/SCN2A/SYT1/CAMK4/MYO6/MYO5B/SLC8A2/ARPP21/PPP3R1/CAMKK1/SPTBN1/ESR1/CAMKV/UNC13A/SLC8A3/CAMK2B/ADD2/PPP3CA/MAP2/SLC24A4/BASP1/GRIN1/KCNN4/VAMP2/FBXL2/ATP2B3/KCNQ2/PHKG1/CAMSAP3/UBR4/GAP43/PLCB1/CAMK1/RYR3/FKBP8/DAPK1/CASK/KCNQ3/SYT7/CAMK2A/PDE1A/SNTA1/SLC8A1/STRN4/MYO1F/RYR2/ITPKA/ADCY8/ATP2B2/PLA2G6/IQGAP2/ATP2B4/EEF2K/CAMSAP1/MYH6/SMTNL1/KCNN1/MAPKAPK5","calmodulin","gomf","Time_R403C"
"GOCC_CALCIUM_CHANNEL_COMPLEX","GOCC_CALCIUM_CHANNEL_COMPLEX",58,0.444707157075788,1.85621336263813,0.00047569803516029,0.0028382794763521,0.00174875945239859,4873,"tags=52%, list=23%, signal=40%","CACNA1D/MICU1/TRPC5/CACNG8/FKBP1B/CACNB4/CALM1/CACNB3/CACNA2D3/PKD1/PDE4D/CACNA1E/MICU3/CACNG7/CACNB1/CATSPERG/PKD1L1/CACNA2D1/CATSPER2/CACNA1B/CALM3/RYR3/CACNB2/AKAP6/PDE4B/C2CD6/CACNA1I/RYR2/STAC3/SESTD1","calcium","gocc","Time_R403C"
"GOCC_L_TYPE_VOLTAGE_GATED_CALCIUM_CHANNEL_COMPLEX","GOCC_L_TYPE_VOLTAGE_GATED_CALCIUM_CHANNEL_COMPLEX",11,0.673526710881958,1.81814149230113,0.00572562010510603,0.0221602704067992,0.0136536879699409,3071,"tags=64%, list=15%, signal=54%","CACNA1D/CACNG8/CACNB3/CACNG7/CACNB1/CACNA2D1/CACNB2","calcium","gocc","Time_R403C"
"GOCC_VOLTAGE_GATED_CALCIUM_CHANNEL_COMPLEX","GOCC_VOLTAGE_GATED_CALCIUM_CHANNEL_COMPLEX",36,0.444099726022355,1.66619321533402,0.00858678417725429,0.0302467060625755,0.018636012968967,4653,"tags=50%, list=22%, signal=39%","CACNA1D/CACNG8/CACNB4/CACNB3/CACNA2D3/PDE4D/CACNA1E/CACNG7/CACNB1/CATSPERG/CACNA2D1/CATSPER2/CACNA1B/CACNB2/PDE4B/C2CD6/CACNA1I/STAC3","calcium","gocc","Time_R403C"
"KEGG_MEDICUS_REFERENCE_CA2_CAM_CAMK_SIGNALING_PATHWAY","KEGG_MEDICUS_REFERENCE_CA2_CAM_CAMK_SIGNALING_PATHWAY",19,0.614403011387916,1.95021148364431,0.00112439946846571,0.015966472452213,0.0115517250655003,3669,"tags=58%, list=17%, signal=48%","CAMK1D/CAMKK2/CAMK2G/CAMK4/CALM1/CAMKK1/CAMK2B/PHKG1/CALM3/CAMK1/CAMK2A","Ca2+","kegg","Time_R403C"
"REACTOME_ROLE_OF_LAT2_NTAL_LAB_ON_CALCIUM_MOBILIZATION","REACTOME_ROLE_OF_LAT2_NTAL_LAB_ON_CALCIUM_MOBILIZATION",14,0.739378637291612,2.14901253413633,0.00012549104583687,0.00164152428645199,0.00111814456577668,1700,"tags=57%, list=8%, signal=53%","PIK3CB/PIK3R2/PIK3CA/SOS1/GAB2/GRB2/FYN/PDPK1","calcium","reactome","Time_R403C"
"REACTOME_SODIUM_CALCIUM_EXCHANGERS","REACTOME_SODIUM_CALCIUM_EXCHANGERS",10,0.680637157495906,1.7853292333297,0.00785505886193459,0.0369901862771102,0.0251963227801002,4371,"tags=70%, list=21%, signal=56%","SLC8A2/CALM1/SLC24A2/SLC8A3/SLC24A4/SLC8A1/SLC24A3","calcium","reactome","Time_R403C"
"REACTOME_PRESYNAPTIC_DEPOLARIZATION_AND_CALCIUM_CHANNEL_OPENING","REACTOME_PRESYNAPTIC_DEPOLARIZATION_AND_CALCIUM_CHANNEL_OPENING",11,0.65318702015298,1.76452924182034,0.0091630783045244,0.0414901622530038,0.0282615370599612,3071,"tags=64%, list=15%, signal=54%","CACNB4/CACNB3/CACNA2D3/CACNA1E/CACNB1/CACNA1B/CACNB2","calcium","reactome","Time_R403C"
"REACTOME_RAS_ACTIVATION_UPON_CA2_INFLUX_THROUGH_NMDA_RECEPTOR","REACTOME_RAS_ACTIVATION_UPON_CA2_INFLUX_THROUGH_NMDA_RECEPTOR",19,0.652259423788567,2.07108406604806,0.000285784273699682,0.00303813945881235,0.00206946626009734,3669,"tags=63%, list=17%, signal=52%","ACTN2/CAMK2G/LRRC7/CALM1/GRIN2B/RASGRF1/CAMK2B/DLG2/GRIN1/DLG4/DLG3/CAMK2A","Ca2+","reactome","Time_R403C"
"WP_CALCIUM_REGULATION_IN_CARDIAC_CELLS","WP_CALCIUM_REGULATION_IN_CARDIAC_CELLS",134,0.436135677070726,2.12385418527709,6.62333589123207e-08,7.79345856534973e-06,6.35607847807709e-06,4004,"tags=43%, list=19%, signal=35%","YWHAG/CACNA1D/PRKACB/CAMK2G/ADCY1/GNAZ/CAMK4/GNAQ/GNB1/CHRM1/PRKCA/CALM1/CACNB3/PRKCE/GRK4/ARRB1/GNB5/CASQ1/RGS7/GNB4/SLC8A3/PRKCZ/CAMK2B/GRK5/ATP2A3/CACNA1E/YWHAH/ITPR3/CACNB1/KCNJ3/PRKCD/RGS17/RGS10/GNAI2/ATP2B3/CACNA1B/GNG7/CALM3/PRKCH/CAMK1/PRKAR2B/GNG3/GNAI1/RYR3/GNAO1/GNG2/PRKCG/ADCY5/PKIA/ADRA1B/CAMK2A/RGS6/PRKCB/PRKAR1B/GNG4/GNG8/SLC8A1","calcium","wiki","Time_R403C"
"PUJANA_BRCA2_PCC_NETWORK","PUJANA_BRCA2_PCC_NETWORK",393,-0.476592531681474,-2.64918505068178,2.84435208535026e-27,8.49039097477053e-25,6.84440933380074e-25,5322,"tags=50%, list=25%, signal=38%","PNN/MPHOSPH6/CDC45/HCFC1/CPSF4/DCBLD2/TAF11/SRSF3/CYB5B/ARHGDIB/EZH2/POLA1/SMARCA4/CCNE2/RFC4/WDHD1/NFATC3/RPIA/COX11/DDX39A/SSRP1/CDT1/EXOSC9/CBX1/FASTKD2/GMPS/ABCC1/UBE2I/IDH3B/FUBP1/MCM5/DNMT1/MCM7/TOP1/TMSB15A/MYBL1/CHEK1/NASP/POLD1/GLMN/NSD2/NEMP1/DESI2/LCT/FANCI/CDKN3/ALDH1A2/POLD3/GFRA1/RRM1/RPP30/PCLAF/PCNA/DTYMK/CDC6/DNAJC9/MED20/CSTF1/TRIM28/POLE2/CHAF1A/TRRAP/CTPS1/XRCC3/FAT1/MYBL2/PRKCQ/BRCA2/EPHB6/SNRPB/POLE/DEK/GINS1/ZWINT/DDX23/MCM2/MACROH2A1/DNA2/MRPL9/FEN1/DLEU2/SPC25/MUTYH/MSH2/PRKDC/TBCD/SMC2/HDAC4/STAT5A/RALY/ANP32E/RBBP8/TCF7/RRM2/SRP9/BUB3/MCM3/UBE2S/CAD/TCF3/ZNF43/SNRNP200/FANCG/PAICS/SMC4/SKP2/KIF20B/ATAD2B/FOXM1/RAD54L/BRCA1/MELK/IL15/FADS1/GATA3/CENPE/CCNF/ARHGAP19/H2AX/DHFR/RAD51AP1/LBR/ILF3/KIF14/NCAPH/DBF4/SMC5/MKI67/RPA1/HDAC3/RNASEH2A/RFC5/NUP205/BLM/ITGA4/KIF11/DDX11/TMPO/ITGB3BP/CDC23/ELOVL5/SEPHS1/SPAG5/STIL/SMC1A/SNRPA/CENPA/LSM4/TYMS/ESPL1/CENPF/LIG1/LMNB1/CKS2/PRP4K/RAG1/NDC80/TTI1/HMMR/FZD2/RHOH/CHEK2/H2AZ2/TTK/SIVA1/AURKA/TROAP/AURKB/BUB1/CCNA2/ZBTB39/BUB1B/TPX2/DUT/GTSE1/CCNB1/NCAPD2/BARD1/TOP2A/HMGB2/PLK4/MAD2L1/CDC20/PTTG1/UBE2C/KIF23/CCNB2/TIMELESS/CLGN/DLGAP5/CDK1/KIF2C/PRPS1/CDC25C/MYB/KIF22/RCBTB2","Ca2+","cgp","Time_R403C"
"NAKAYAMA_SOFT_TISSUE_TUMORS_PCA2_UP","NAKAYAMA_SOFT_TISSUE_TUMORS_PCA2_UP",80,-0.58113089087258,-2.5734145638274,3.12004070496142e-11,1.41110931883482e-09,1.13754594123474e-09,2569,"tags=50%, list=12%, signal=44%","ASPM/RRM2/UBE2S/PITX1/MELK/TRPS1/NUSAP1/CENPE/SHOX2/NCAPH/MKI67/KIF11/CENPA/ESPL1/CENPF/BIRC5/CKS2/HMMR/FOXD1/CDH11/HJURP/BUB1/CCNA2/TPX2/GTSE1/CCNB1/CDCA8/TOP2A/CDC20/UBE2C/CCNB2/DLGAP5/FZD1/CDK1/KIF20A/KIF2C/COL2A1/HMGA2/TBL1X/NEK2","Ca2+","cgp","Time_R403C"
"HONRADO_BREAST_CANCER_BRCA1_VS_BRCA2","HONRADO_BREAST_CANCER_BRCA1_VS_BRCA2",14,-0.751538488375915,-2.17606889094531,8.32756057695818e-05,0.00142044390412687,0.00114507088595046,2275,"tags=64%, list=11%, signal=57%","KRT8/SKP2/BCL2/MKI67/BIRC5/CCND1/CCNA2/CCNB1/TOP2A","Ca2+","cgp","Time_R403C"
"SHEN_SMARCA2_TARGETS_UP","SHEN_SMARCA2_TARGETS_UP",412,0.265531222280845,1.49240784400036,0.000280073771200764,0.00420554592027497,0.00339024172573343,4259,"tags=25%, list=20%, signal=21%","IDS/TANK/SERINC3/SERINC1/GTF2H5/RAB6A/MFSD6/MOCS2/TMEM14A/SLC25A46/ITFG1/DCAF6/ACVR1/SMARCA2/STX7/SHOC2/NCKAP1/NDFIP1/AKAP11/KIFAP3/RAB2A/RAB22A/GNAQ/FTO/KIDINS220/FBXW2/NAB1/MAPK9/RAB40B/BEX4/APC/RABGAP1/SMAP1/PJA2/FBXW11/NCOA1/YPEL5/WDFY3/AP5M1/PCMT1/FEM1B/UBQLN2/PEX11B/NNT/RAB14/EXOC1/TMEM59/ELMO2/CUL4B/FAM168A/SMAD2/ITSN2/METTL5/PAFAH1B1/ATRX/NF1/PPP2R5C/NUMB/RCOR3/LANCL1/SEC63/HMG20A/RHOT1/BLTP1/SCAPER/OSBPL8/FBXO11/SKIC3/MRFAP1L1/ZNF415/ARMC8/ORC4/PUM2/SUCLG1/NCOA6/PURA/PAIP1/FBXL5/MAP4K3/RNF38/VPS45/PANK3/CRYZL1/KLHDC2/CUL2/LIMCH1/RBM34/RAB4A/USP9Y/PHF3/CHMP5/ACTR10/RO60/VPS13C/DCTN4/BBIP1/AMZ2/ISCA1/FEM1C/RAB1A/RALGAPB/RBM48/AKTIP/EIF2AK2/SEC62","Ca2+","cgp","Time_R403C"
"REACTOME_RESPONSE_TO_ELEVATED_PLATELET_CYTOSOLIC_CA2","REACTOME_RESPONSE_TO_ELEVATED_PLATELET_CYTOSOLIC_CA2",108,-0.322084531923649,-1.51874626001153,0.0060427563093485,0.0354089114054584,0.0265368960096181,4923,"tags=37%, list=23%, signal=29%","TUBA4A/GAS6/LHFPL2/STXBP3/PCDH7/GTPBP2/CD63/NHLRC2/CD36/SCCPDH/CYB5R1/CD9/MAGED2/SOD1/SPARC/IGF1/APLP2/VWF/TIMP3/VEGFC/HSPA5/CDC37L1/PHACTR2/SERPING1/LGALS3BP/SELENOP/PROS1/HABP4/A1BG/PECAM1/APP/PDGFA/CLU/LAMP2/VEGFA/RARRES2/APOOL/PSAP/MMRN1/ALDOA","Ca2+","reactome","Maturation_G32A_specific"
"PUJANA_BRCA2_PCC_NETWORK","PUJANA_BRCA2_PCC_NETWORK",393,0.551023973727827,2.90832158140567,2.44658630930587e-39,1.8257650333195e-36,1.26578649581456e-36,5301,"tags=60%, list=25%, signal=46%","SLC25A46/TRIM24/LCT/UNG/DNAJC5/POLA1/NFATC2IP/TTI1/LIG1/MCM6/PRIM1/CNOT9/MAT2A/EXOSC2/POLD3/NASP/RAD51C/LMNB1/RNASEH2A/MCM7/FANCA/HIRIP3/USP1/ZNF131/CPSF6/CCNF/DNMT1/MCM2/SAC3D1/CHAF1A/YTHDC2/POLD1/DNA2/PAXIP1/RNASEH2B/TTF1/TIMELESS/KNTC1/WDHD1/POLE/MCM5/COPS3/MSH2/E2F1/RPP30/POLE2/ILF3/MCM4/DNAJC9/SMC1A/GINS1/SMC3/ZNF43/GLMN/FANCI/TOPBP1/PNN/CHEK1/RIF1/SRSF10/CHEK2/TMEM131L/TFDP1/DDX46/HCFC1/RAE1/PAQR3/NAE1/BCAS2/RFXAP/RFC3/SSRP1/H2AX/TBCD/CPSF4/HMGN1/CCNE2/XRCC3/XRCC5/BLM/DDX39A/SMC2/KIN/RFC4/SIVA1/CBX3/TRRAP/MLH1/MCM3/LBR/EXOSC9/CDC25B/CTCF/BRCA2/FANCG/CDC7/LARP7/CYB5B/AURKB/DTYMK/CKAP5/ZWINT/ATR/DDX11/DDX23/RAD1/TTF2/PRPF4/NUP93/SMARCA4/ESPL1/KIF20B/NFYB/FOXM1/FEN1/CENPX/PCNA/CCND3/EXOSC8/PHF20/RAD54L/PRKDC/MACROH2A1/PSIP1/LEF1/SRSF3/RRM1/MFHAS1/MAPRE1/SPC25/SNRPA/SEPHS1/CENPF/PLK4/DEK/WDR77/KDM1A/LSM4/MUTYH/SMC4/GNPAT/BRCA1/SKP2/ACAT2/POLD2/KIF22/SUZ12/NDC80/PCLAF/CDC45/NCAPD2/CASP2/SPAG5/CENPE/FOXK2/TROAP/CDC20/TMEM186/MKI67/SNRPB/DPY19L2/KIF11/NUDT21/MPHOSPH6/ITGB3BP/RBBP5/NCAPH/MYBL2/RFC5/TLK2/GTSE1/RRM2/ZBTB39/UBE2I/CTPS1/TOP2A/MAZ/RAD51AP1/NSD2/XPO1/DHFR/PPP2R5C/STMN1/H2AZ2/ASF1A/TMPO/EZH2/CHRNA5/ZNF84/ATAD2B/ANP32E/BUB3/FASTKD2/AGPS/MED20/CAD/RALY/PEX1/TBC1D31/LAT/DUT/METAP1/CDC6/BUB1/DHX15/RBBP8/TPX2/CDT1/POLR2B/TMSB15A/TAF4/PTDSS1/TTK/CCNB2/LCOR/SNRPA1/STAU2/UBE2C/RECQL/HMMR/MAD2L1/ORC2/TRIM28/CDKN3/CDKN2C/NUP205/CCNB1/CNTRL/KIF14/TMEM106C/RNF4/MELK/CCNA2/PRKCA/DBF4/HMGB2","Ca2+","cgp","Maturation_G32A_specific"
"SHEN_SMARCA2_TARGETS_UP","SHEN_SMARCA2_TARGETS_UP",412,0.254056015344658,1.34653148516687,0.00650990920769642,0.0317517630473428,0.022013212078313,4278,"tags=27%, list=20%, signal=22%","MATR3/SLC25A46/ZC3H13/CHTOP/UPF3B/APC/VPS45/UPF2/ATRX/USP1/KRIT1/DHX29/YTHDC2/LIMCH1/U2SURP/ZCCHC10/HTATSF1/SMC1A/MAPK9/SMC3/MRFAP1L1/AASDHPPT/MOCS2/RAF1/SRSF10/CUL2/DDX46/TFCP2/PAIP1/TMEM80/NUP133/HNMT/NNT/XRCC5/CSE1L/GNAQ/HNRNPA3/MLH1/CTCF/ANP32A/HMG20A/UPF3A/LARP7/MKKS/NFYC/REV1/NFYB/KIFBP/EED/TSN/VPS26A/DCAF6/CTR9/EID1/SEPHS1/DEK/PPWD1/BCLAF1/MED4/OSBPL8/CCDC90B/ACTR10/ANKRD17/C6orf120/NUDT21/PSMF1/DERA/KIDINS220/RALGAPB/DDX1/STAG1/CAMSAP1/PSMC6/TASOR2/SMARCA5/NEMF/FBXW2/PUM2/FBXO28/XPO1/SLTM/PPP2R5C/DPM1/SUMO1/H2AZ2/ATG3/RBM34/ZC3H15/HNRNPH3/FAM200C/ZNF302/BUB3/UBA3/NAB1/PCMT1/NCOA1/TMEM126B/MFSD6/NFU1/PHKB/TLK1/MAP4K5/ORC4/ELP1/SCAF8/MED7/SHOC2/VBP1/GTF2H5/UBE2G1","Ca2+","cgp","Maturation_G32A_specific"
"NAKAYAMA_SOFT_TISSUE_TUMORS_PCA2_DN","NAKAYAMA_SOFT_TISSUE_TUMORS_PCA2_DN",66,-0.359455145919686,-1.54691041766448,0.0106750467782949,0.0463828451720672,0.0321568098768524,5391,"tags=53%, list=26%, signal=40%","TAC1/CLEC3B/PALMD/GYG2/NPY1R/CLDN5/PPP1R1A/AOC3/IFI44L/CA4/PLIN1/FOSB/PLAAT3/GPC3/ANGPT1/ABCA8/CD36/NTRK2/TNMD/LMOD1/PDK4/GPX3/ACACB/PTX3/IGF1/G0S2/SEMA3G/AKR1C3/ATP1A2/BST2/AGT/SELENBP1/FZD4/MEST/TMT1A","Ca2+","cgp","Maturation_G32A_specific"
"GOBP_CALCIUM_INDEPENDENT_CELL_CELL_ADHESION_VIA_PLASMA_MEMBRANE_CELL_ADHESION_MOLECULES","GOBP_CALCIUM_INDEPENDENT_CELL_CELL_ADHESION_VIA_PLASMA_MEMBRANE_CELL_ADHESION_MOLECULES",17,-0.578333873048627,-1.79440967865445,0.00635160344674425,0.0436150248259185,0.0328905692357143,6637,"tags=76%, list=31%, signal=52%","CLDN10/CLDN2/CLDN6/CLDN11/CLDN1/CLDN4/BMP2/CLDN16/CLDN18/CLDN20/CLDN19/CLDN12/CLDN3","calcium","gobp","Maturation_R403C_specific"
"GOMF_CALCIUM_CALMODULIN_DEPENDENT_PROTEIN_KINASE_ACTIVITY","GOMF_CALCIUM_CALMODULIN_DEPENDENT_PROTEIN_KINASE_ACTIVITY",30,0.507433651951555,1.76281718732598,0.00387768472121395,0.0358074490022008,0.0281679136695105,5173,"tags=43%, list=24%, signal=33%","MAPKAPK5/CAMK1/ITPKA/CAMKK2/CAMK4/PHKA1/CAMKV/CAMK2B/CAMK2A/MYLK2/DAPK1/MAPKAPK3/CAMKK1","calcium","gomf","Maturation_R403C_specific"
"REACTOME_RESPONSE_TO_ELEVATED_PLATELET_CYTOSOLIC_CA2","REACTOME_RESPONSE_TO_ELEVATED_PLATELET_CYTOSOLIC_CA2",108,-0.369422622425549,-1.76185044771333,0.000282025590140491,0.00259023503001373,0.00181490152072492,4346,"tags=34%, list=21%, signal=27%","LGALS3BP/SCCPDH/TGFB2/CALU/TGFB1/TF/STXBP2/PROS1/HSPA5/CD63/IGF2/IGF1/TIMP1/APLP2/APP/TIMP3/SPARC/CLEC3B/SERPING1/CYB5R1/CLU/CD9/TUBA4A/CDC37L1/ALDOA/SELENOP/APOOL/HABP4/VWF/PHACTR2/PECAM1/MMRN1/PSAP/PDGFA/VEGFA/LAMP2/RARRES2","Ca2+","reactome","Maturation_R403C_specific"
"WP_CALCIUM_REGULATION_IN_CARDIAC_CELLS","WP_CALCIUM_REGULATION_IN_CARDIAC_CELLS",134,0.32973823418405,1.5374815110141,0.00406023210460693,0.0403735755753872,0.0317835811895101,6219,"tags=43%, list=29%, signal=31%","GNG13/CAMK1/YWHAQ/CHRM1/YWHAG/CAMK4/CALM1/GNAQ/PRKACB/YWHAB/GNAZ/GRK4/GRK6/SLC8A3/CALM3/GNA11/CACNA1D/GNG4/RGS20/CHRM5/RGS6/PRKD1/PLCB3/GNB1/YWHAH/SLC8A1/ADCY1/FKBP1A/ARRB1/RYR2/PRKAR1B/RYR3/PRKCB/GRK5/CAMK2B/YWHAZ/PKIA/GNG3/CAMK2A/ADCY3/GNG2/CACNA1E/PRKCA/PRKAR2B/RGS19/RGS17/CASQ2/GJC2/ATP1B3/GNB5/CACNB3/GJC1/ARRB2/ADRA1B/CASQ1/ADRA1A/CACNA1B/RGS7","calcium","wiki","Maturation_R403C_specific"
"PUJANA_BRCA2_PCC_NETWORK","PUJANA_BRCA2_PCC_NETWORK",393,0.559622192430061,2.97307885324368,2.16768662049763e-43,3.23527228109271e-40,2.19963147595759e-40,4734,"tags=56%, list=22%, signal=44%","PAXIP1/DNAJC5/UNG/MCM2/MCM5/NASP/POLA1/ASF1A/SMARCA4/TIMELESS/RNASEH2A/TRIM24/MCM7/RNASEH2B/PRIM1/POLD1/LIG1/FANCA/MCM6/LMNB1/MAT2A/TMEM131L/STAU2/HIRIP3/USP1/NFATC2IP/NUP93/H2AX/STMN1/MCM4/LEF1/KNTC1/ILF3/DNMT1/SLC25A46/TBCD/CNOT9/PAQR3/SEPHS1/POLE/GINS1/SMC1A/FANCG/CHAF1A/SMC3/E2F1/EXOSC2/POLE2/KDM1A/CDC45/XRCC3/SSRP1/MCM3/CPSF6/YTHDC2/NFYB/TTI1/SRSF10/GNPAT/BLM/WDHD1/H2AZ2/CTCF/ZNF131/POLD3/CCNF/PCLAF/DDX39A/RAD51AP1/PCNA/LSM4/NAE1/CCNE2/RFC5/XRCC5/RBBP4/CBX3/DNA2/ZWINT/TOPBP1/RAD51C/CPSF4/CHEK1/DUT/CHEK2/SMC2/TFDP1/RRM1/FANCI/TMPO/ZNF253/HCFC1/MSH2/RAD54L/ZNF43/MYBL2/CDKN2C/HMGN1/ANP32E/BRCA2/NSD2/ESPL1/DPY19L2/BRCA1/RRM2/EZH2/DTYMK/DDX11/SMC4/TMEM106C/FEN1/FOXM1/MACROH2A1/CTPS1/TBC1D31/PNN/ZNF354A/POLD2/RFC3/RALY/SNRPB/SAC3D1/MAPRE1/RAD1/DDX23/EXOSC8/LBR/DDX46/CDC7/SRSF3/PHF20/DHFR/LARP7/MUTYH/DEK/NDC80/KIF11/CDT1/RIF1/PSIP1/ZNF84/MAZ/GLRA2/CENPX/TMEM186/NCAPH/SPC25/TCF3/CDC25B/CENPF/CYB5B/SUZ12/ORC2/ACAT2/COPS3/KIAA0930/PRKDC/RFC4/MKI67/PLK4/AURKB/GLMN/PPP2R5C/CKAP5/NFYA/SKP2/FADS1/KIF20B/TOP2A/TTK/TTF1/BCAS2/LCT/WDR77/TUBGCP3/UBE2I/CENPE/SRP9/KIF22/TMSB15A/MPHOSPH9/BUB1B/RFXAP/ADK/DNAJC9/MLH1/RB1/ATAD2B/TLK2/PAK2/TTF2/METAP1/SNRPA/CCND3/KIN/TRRAP/CAMK2B/CHRNA5/SPAG5/MELK/RAE1/SRPK1/TOP1/EXOSC9/LCOR/KCTD20/TYMS/VPS13A/NUP205/GTSE1/PFDN4/MED20/CDC20/CDC27/RBBP8/DLEU2/PAICS/CASP2/SIVA1/FOXK2","Ca2+","cgp","Maturation_R403C_specific"
"SHEN_SMARCA2_TARGETS_UP","SHEN_SMARCA2_TARGETS_UP",412,0.312733616206146,1.66868067607976,2.11466372892544e-06,3.73507173422629e-05,2.5394404667507e-05,6072,"tags=38%, list=29%, signal=28%","CHTOP/MATR3/APC/VPS45/LIMCH1/ATRX/MAPK9/RAF1/USP1/MOCS2/UPF3B/TFCP2/SLC25A46/PAIP1/MKKS/SEPHS1/MRFAP1L1/SMC1A/ZC3H13/OSBPL8/SMC3/NNT/YTHDC2/NFYB/SRSF10/DCAF6/H2AZ2/GNAQ/CTCF/GTF2H5/MFSD6/XRCC5/EED/SHOC2/KIDINS220/AASDHPPT/ANKRD17/NFYC/NAB1/UPF2/EID1/HMG20A/HNRNPA3/CTR9/U2SURP/MED4/ZNF302/TMEM80/ANP32A/FBXO3/NCOA6/TAF9B/C6orf120/NSMCE4A/NCOA1/PEX11B/PHKB/NAP1L2/STAG1/CSE1L/DDX46/TLK1/LARP7/DEK/MED7/CAMSAP1/PRKD3/PUM2/CCDC90B/CUL2/HTATSF1/CAND1/RBM48/SMARCA5/UBE2G1/UBQLN2/UPF3A/AGGF1/UBA3/PRKD1/VBP1/NF1/PPP2R5C/VPS26A/DHX29/PSMG2/LANCL1/TMX4/TMEM14A/CAPZA2/GLOD4/DDX1/TUBGCP3/SENP6/SRP9/RALGAPB/SLTM/NEMF/ZMYND11/MRPS14/CEP350/MLH1/RB1/KRIT1/ATG3/PCMT1/REV1/RAB2A/BCLAF1/KDM3B/ACTR10/FAM168A/PAFAH1B1/DERA/PPWD1/KIFBP/NUP133/ISCA1/SUMO1/STX7/AP5M1/TMEM126B/PSMF1/RHOT1/FTO/NFU1/TSN/ZC3H7A/ORC4/PDCL3/RBM34/RNF130/NUDT21/AKAP11/PCMTD2/ATP5PO/ARID4B/XPO1/HNRNPH3/KIFAP3/PHF3/FAM200C/RAB23/FBXO28/ZCCHC10/SOS2/PSMC6/SSB/RPA1/HSDL2/FBXW2/TANK/MAP4K5/NDUFB6/SMARCA2/RAB28/ZNF415/BUB3","Ca2+","cgp","Maturation_R403C_specific"
