"Description","Description_Short","Database","Timepoint","NES","p.adjust","pvalue","setSize","Pathway","HighlySig"
"postsynaptic ribosome","Postsynaptic Ribosome","SYNGO","Time_Ctrl",2.40587740556391,7.638669299982e-07,2.38708415624438e-08,65,"Postsynaptic Ribosome",TRUE
"presynaptic ribosome","Presynaptic Ribosome","SYNGO","Time_Ctrl",2.4157189274074,1.93156600297021e-06,1.20722875185638e-07,51,"Presynaptic Ribosome",TRUE
"synapse","Synapse","SYNGO","Time_Ctrl",1.58710568715335,0.000854909566704145,8.01477718785136e-05,264,"Synapse",TRUE
"integral component of synaptic vesicle membrane","Integral Component of Synaptic Vesicle Membrane","SYNGO","Time_Ctrl",1.77288103167938,0.0154934123653863,0.00193667654567329,53,"Integral Component of Synaptic Vesicle Membrane",TRUE
"integral component of postsynaptic membrane","Integral Component of Postsynaptic Membrane","SYNGO","Time_Ctrl",1.41907831672708,0.0962949469926045,0.0150460854675944,109,"Integral Component of Postsynaptic Membrane",FALSE
"postsynapse","Postsynapse","SYNGO","Early",-2.0753562128702,4.34446360725908e-08,1.35764487726846e-09,245,"Postsynapse",TRUE
"postsynaptic ribosome","Postsynaptic Ribosome","SYNGO","Early",2.29162769302504,3.98412474852232e-06,2.49007796782645e-07,65,"Postsynaptic Ribosome",TRUE
"integral component of postsynaptic density membrane","Integral Component of Postsynaptic Density Membrane","SYNGO","Early",-2.08465093549488,6.63764653769884e-06,6.22279362909266e-07,105,"Integral Component of Postsynaptic Density Membrane",TRUE
"presynapse","Presynapse","SYNGO","Early",-1.94790375508523,1.14005506320956e-05,1.42506882901195e-06,170,"Presynapse",TRUE
"presynaptic ribosome","Presynaptic Ribosome","SYNGO","Early",2.23316446947385,1.95932092651441e-05,3.06143894767877e-06,51,"Presynaptic Ribosome",TRUE
"integral component of postsynaptic specialization membrane","Integral Component of Postsynaptic Specialization Membrane","SYNGO","Early",-1.98398182896477,0.00122846035528097,0.000268725702717713,38,"Integral Component of Postsynaptic Specialization Membrane",TRUE
"integral component of presynaptic membrane","Integral Component of Presynaptic Membrane","SYNGO","Early",-1.78929438761127,0.00122846035528097,0.00024435786277401,114,"Integral Component of Presynaptic Membrane",TRUE
"integral component of postsynaptic membrane","Integral Component of Postsynaptic Membrane","SYNGO","Early",-1.74607110048641,0.00160949602655668,0.000402374006639171,109,"Integral Component of Postsynaptic Membrane",TRUE
"postsynaptic density","Postsynaptic Density","SYNGO","Early",-1.66966566846555,0.00166555521217937,0.000520486003806054,159,"Postsynaptic Density",TRUE
"presynaptic cytosol","Presynaptic Cytosol","SYNGO","Early",-1.87762876232169,0.00166555521217937,0.000476350099680669,51,"Presynaptic Cytosol",TRUE
"synaptic vesicle","Synaptic Vesicle","SYNGO","Early",-1.83957386462707,0.0046654489757472,0.0016037480854131,33,"Synaptic Vesicle",TRUE
"postsynaptic cytosol","Postsynaptic Cytosol","SYNGO","Early",-1.58711201843653,0.0338737848661809,0.0127026693248178,51,"Postsynaptic Cytosol",TRUE
"anchored component of postsynaptic density membrane","Anchored Component of Postsynaptic Density Membrane","SYNGO","Early",-1.67563633369538,0.0421610030855653,0.0172728470092385,11,"Anchored Component of Postsynaptic Density Membrane",TRUE
"integral component of presynaptic active zone membrane","Integral Component of Presynaptic Active Zone Membrane","SYNGO","Early",-1.54508282671625,0.0421610030855653,0.0184454388499348,50,"Integral Component of Presynaptic Active Zone Membrane",TRUE
"extrinsic component of synaptic vesicle membrane","Extrinsic Component of Synaptic Vesicle Membrane","SYNGO","Early",-1.6155148889737,0.0422630872320132,0.0198108221400062,25,"Extrinsic Component of Synaptic Vesicle Membrane",TRUE
"integral component of synaptic vesicle membrane","Integral Component of Synaptic Vesicle Membrane","SYNGO","Early",-1.51624311836982,0.0439432649105806,0.0219716324552903,53,"Integral Component of Synaptic Vesicle Membrane",TRUE
"postsynaptic actin cytoskeleton","Postsynaptic Actin Cytoskeleton","SYNGO","Early",-1.6048494933099,0.0468473838142028,0.0248876726512952,19,"Postsynaptic Actin Cytoskeleton",TRUE
"extrinsic component of postsynaptic density membrane","Extrinsic Component of Postsynaptic Density Membrane","SYNGO","Early",-1.59171677381319,0.0592290574735787,0.033316344828888,10,"Extrinsic Component of Postsynaptic Density Membrane",FALSE
"anchored component of synaptic vesicle membrane","Anchored Component of Synaptic Vesicle Membrane","SYNGO","Early",-1.54799602551765,0.0620955899168627,0.0368692565131372,19,"Anchored Component of Synaptic Vesicle Membrane",FALSE
"postsynaptic density, intracellular component","Postsynaptic Density, Intracellular Component","SYNGO","Early",-1.38206590431922,0.099135283944517,0.0619595524653231,49,"Postsynaptic Density, Intracellular Component",FALSE
"postsynaptic membrane","Postsynaptic Membrane","SYNGO","Early",-1.42863926694451,0.131233651692771,0.0861220839233808,13,"Postsynaptic Membrane",FALSE
"synapse","Synapse","SYNGO","Early",-1.1994898513688,0.131490062075947,0.0903994176772135,264,"Synapse",FALSE
"presynaptic active zone cytoplasmic component","Presynaptic Active Zone Cytoplasmic Component","SYNGO","Early",-1.29716957092483,0.209796396091203,0.150791159690552,18,"Presynaptic Active Zone Cytoplasmic Component",FALSE
"postsynaptic ribosome","Postsynaptic Ribosome","SYNGO","TrajDev",-2.88712095992719,2.50925899685276e-12,7.84143436516486e-14,65,"Postsynaptic Ribosome",TRUE
"presynaptic ribosome","Presynaptic Ribosome","SYNGO","TrajDev",-2.71252353741633,3.63000044373201e-10,2.26875027733251e-11,51,"Presynaptic Ribosome",TRUE
"postsynapse","Postsynapse","SYNGO","TrajDev",1.85023528001196,5.2612360352819e-06,4.93240878307678e-07,245,"Postsynapse",TRUE
"integral component of postsynaptic density membrane","Integral Component of Postsynaptic Density Membrane","SYNGO","TrajDev",1.82540901018999,0.00069366747148279,8.67084339353488e-05,105,"Integral Component of Postsynaptic Density Membrane",TRUE
"presynaptic cytosol","Presynaptic Cytosol","SYNGO","TrajDev",1.89035980282082,0.00276209712224006,0.000431577675350009,51,"Presynaptic Cytosol",TRUE
"integral component of postsynaptic membrane","Integral Component of Postsynaptic Membrane","SYNGO","TrajDev",1.72031150181433,0.00297038893530122,0.000649772579597141,109,"Integral Component of Postsynaptic Membrane",TRUE
"synaptic vesicle","Synaptic Vesicle","SYNGO","TrajDev",1.93407485512656,0.00297038893530122,0.000617806961801878,33,"Synaptic Vesicle",TRUE
"presynapse","Presynapse","SYNGO","TrajDev",1.53195524513949,0.00956115546251308,0.00239028886562827,170,"Presynapse",TRUE
"integral component of presynaptic membrane","Integral Component of Presynaptic Membrane","SYNGO","TrajDev",1.54783249295081,0.0176020449434567,0.00495057514034719,114,"Integral Component of Presynaptic Membrane",TRUE
"integral component of postsynaptic specialization membrane","Integral Component of Postsynaptic Specialization Membrane","SYNGO","TrajDev",1.67042623446747,0.0244321971425563,0.00763506160704883,38,"Integral Component of Postsynaptic Specialization Membrane",TRUE
"postsynaptic cytosol","Postsynaptic Cytosol","SYNGO","TrajDev",1.58559671230148,0.0329442856761724,0.0113245982011842,51,"Postsynaptic Cytosol",TRUE
"postsynaptic actin cytoskeleton","Postsynaptic Actin Cytoskeleton","SYNGO","TrajDev",1.56769042925142,0.0803352535536152,0.0301257200826057,19,"Postsynaptic Actin Cytoskeleton",FALSE
"extrinsic component of postsynaptic density membrane","Extrinsic Component of Postsynaptic Density Membrane","SYNGO","TrajDev",1.55682935428739,0.0941577090342168,0.0401148268277225,10,"Extrinsic Component of Postsynaptic Density Membrane",FALSE
"extrinsic component of synaptic vesicle membrane","Extrinsic Component of Synaptic Vesicle Membrane","SYNGO","TrajDev",1.50248727426774,0.0941577090342168,0.0411939977024698,25,"Extrinsic Component of Synaptic Vesicle Membrane",FALSE
"synaptic cleft","Synaptic Cleft","SYNGO","TrajDev",-1.50272376384889,0.114099113013548,0.0534839592251004,16,"Synaptic Cleft",FALSE
"postsynaptic density, intracellular component","Postsynaptic Density, Intracellular Component","SYNGO","TrajDev",1.31874153298424,0.187890428974372,0.0939452144871861,49,"Postsynaptic Density, Intracellular Component",FALSE
"postsynaptic endocytic zone","Postsynaptic Endocytic Zone","SYNGO","TrajDev",1.34843667282853,0.203377648567073,0.114399927318979,18,"Postsynaptic Endocytic Zone",FALSE
"postsynaptic specialization","Postsynaptic Specialization","SYNGO","TrajDev",1.37672232617088,0.203377648567073,0.110066198299865,13,"Postsynaptic Specialization",FALSE
"anchored component of postsynaptic density membrane","Anchored Component of Postsynaptic Density Membrane","SYNGO","TrajDev",1.31793413909793,0.247892999310844,0.147186468340814,11,"Anchored Component of Postsynaptic Density Membrane",FALSE
"postsynaptic ribosome","Postsynaptic Ribosome","SYNGO","Late",-2.58145672878091,9.35750721546656e-09,2.9242210048333e-10,65,"Postsynaptic Ribosome",TRUE
"presynaptic ribosome","Presynaptic Ribosome","SYNGO","Late",-2.47747347246333,1.06409290964336e-06,6.65058068527102e-08,51,"Presynaptic Ribosome",TRUE
"synapse","Synapse","SYNGO","Late",-1.68223789002054,0.000396830927411192,3.72028994447993e-05,264,"Synapse",TRUE
"Mitochondrial_central_dogma","Mitochondrial Central Dogma","MITOCARTA","Time_Ctrl",-2.36567447059021,4.36209548513611e-13,6.05846595157794e-15,216,"Mitochondrial Central Dogma",TRUE
"Translation","Translation","MITOCARTA","Time_Ctrl",-2.27879362870911,4.01733804919178e-09,1.11592723588661e-10,145,"Translation",TRUE
"Mitochondrial_ribosome","Mitochondrial Ribosome","MITOCARTA","Time_Ctrl",-2.25330313376794,1.04393434824964e-06,4.34972645104015e-08,77,"Mitochondrial Ribosome",TRUE
"mtRNA_metabolism","Mtrna Metabolism","MITOCARTA","Time_Ctrl",-1.97261033647485,0.000212363981059042,1.17979989477246e-05,73,"Mtrna Metabolism",TRUE
"Complex_V","Complex V","MITOCARTA","Time_Ctrl",-2.10149551759554,0.000787174625182086,5.46649045265337e-05,21,"Complex V",TRUE
"mtDNA_maintenance","Mtdna Maintenance","MITOCARTA","Time_Ctrl",-2.03552894551021,0.00104189762725239,8.68248022710326e-05,29,"Mtdna Maintenance",TRUE
"OXPHOS","OXPHOS","MITOCARTA","Time_Ctrl",-1.76701881425959,0.0013906884230749,0.000135205818910059,139,"OXPHOS",TRUE
"CV_subunits","Cv Subunits","MITOCARTA","Time_Ctrl",-1.98179777557197,0.00316327322199501,0.00035147480244389,16,"Cv Subunits",TRUE
"mtRNA_granules","Mtrna Granules","MITOCARTA","Time_Ctrl",-1.85653488975748,0.0109253356668373,0.00151740773150518,26,"Mtrna Granules",TRUE
"Mitochondrial_ribosome_assembly","Mitochondrial Ribosome Assembly","MITOCARTA","Time_Ctrl",-1.84082993388946,0.0109253356668373,0.00151382343494764,24,"Mitochondrial Ribosome Assembly",TRUE
"Metabolism","Metabolism","MITOCARTA","Time_Ctrl",-1.36729787099715,0.0286717317264868,0.00438040345821326,407,"Metabolism",TRUE
"Complex_I","Complex I","MITOCARTA","Time_Ctrl",-1.68354569330865,0.0299636803874092,0.00499394673123487,53,"Complex I",TRUE
"OXPHOS_subunits","OXPHOS Subunits","MITOCARTA","Time_Ctrl",-1.611801355572,0.030294306530549,0.00552646887725422,74,"OXPHOS Subunits",TRUE
"mt-rRNA_modifications","Mt-Rrna Modifications","MITOCARTA","Time_Ctrl",-1.64305055966569,0.0800365758545572,0.0204980518380484,16,"Mt-Rrna Modifications",FALSE
"Lysine_metabolism","Lysine Metabolism","MITOCARTA","Time_Ctrl",-1.59408686104051,0.108554972048111,0.0301541589022531,16,"Lysine Metabolism",FALSE
"CI_assembly_factors","Ci Assembly Factors","MITOCARTA","Time_Ctrl",-1.53287134791799,0.126586148906895,0.0370739817123857,22,"Ci Assembly Factors",FALSE
"Detoxification","Detoxification","MITOCARTA","Time_Ctrl",-1.45824736275859,0.126586148906895,0.0386791010548846,47,"Detoxification",FALSE
"TCA-associated","Tca-Associated","MITOCARTA","Time_Ctrl",-1.43764788282109,0.186092748148516,0.0801232665639445,13,"Tca-Associated",FALSE
"mtRNA_stability_and_decay","Mtrna Stability and Decay","MITOCARTA","Time_Ctrl",-1.41614081012572,0.19571813890762,0.0869858395144976,17,"Mtrna Stability and Decay",FALSE
"ROS_and_glutathione_metabolism","ROS and Glutathione Metabolism","MITOCARTA","Time_Ctrl",-1.37795338590702,0.195903933991454,0.0897893030794165,27,"ROS and Glutathione Metabolism",FALSE
"Mitochondrial_central_dogma","Mitochondrial Central Dogma","MITOCARTA","Early",-1.80172631266755,0.00051165818566462,7.10636368978639e-06,216,"Mitochondrial Central Dogma",TRUE
"mtDNA_maintenance","Mtdna Maintenance","MITOCARTA","Early",-2.02464556513167,0.00838886543267883,0.000292139574412138,29,"Mtdna Maintenance",TRUE
"OXPHOS_subunits","OXPHOS Subunits","MITOCARTA","Early",-1.82503354421562,0.00838886543267883,0.000349536059694951,74,"OXPHOS Subunits",TRUE
"OXPHOS","OXPHOS","MITOCARTA","Early",-1.69361878804619,0.0128561232898511,0.000816753920119045,139,"OXPHOS",TRUE
"Translation","Translation","MITOCARTA","Early",-1.64804471763229,0.0128561232898511,0.000892786339572991,145,"Translation",TRUE
"Complex_V","Complex V","MITOCARTA","Early",-1.89241711762127,0.0135236417977871,0.00112697014981559,21,"Complex V",TRUE
"Mitochondrial_ribosome","Mitochondrial Ribosome","MITOCARTA","Early",-1.63180235640333,0.033944796845534,0.00377164409394823,77,"Mitochondrial Ribosome",TRUE
"Mitochondrial_ribosome_assembly","Mitochondrial Ribosome Assembly","MITOCARTA","Early",-1.89122509468268,0.033944796845534,0.00369208697722104,24,"Mitochondrial Ribosome Assembly",TRUE
"CV_subunits","Cv Subunits","MITOCARTA","Early",-1.78598740911427,0.0477344769718441,0.00596680962148051,16,"Cv Subunits",TRUE
"mtRNA_metabolism","Mtrna Metabolism","MITOCARTA","Early",-1.55803798545264,0.0709666263185198,0.00985647587757219,73,"Mtrna Metabolism",FALSE
"mtRNA_granules","Mtrna Granules","MITOCARTA","Early",-1.57440227714515,0.175644727671015,0.0268346111719606,26,"Mtrna Granules",FALSE
"Mitochondrial_central_dogma","Mitochondrial Central Dogma","MITOCARTA","TrajDev",2.02079237320723,7.99580556811653e-07,1.1105285511273e-08,216,"Mitochondrial Central Dogma",TRUE
"Translation","Translation","MITOCARTA","TrajDev",1.86947434254709,0.000507233105524749,1.40898084867986e-05,145,"Translation",TRUE
"OXPHOS","OXPHOS","MITOCARTA","TrajDev",1.67674756118333,0.00975356175353305,0.00040639840639721,139,"OXPHOS",TRUE
"Mitochondrial_ribosome","Mitochondrial Ribosome","MITOCARTA","TrajDev",1.75016515808853,0.0166862707768002,0.000927015043155565,77,"Mitochondrial Ribosome",TRUE
"mtRNA_metabolism","Mtrna Metabolism","MITOCARTA","TrajDev",1.70847482240661,0.0210327426931338,0.00146060713146762,73,"Mtrna Metabolism",TRUE
"Mitochondrial_ribosome_assembly","Mitochondrial Ribosome Assembly","MITOCARTA","TrajDev",1.8635574676453,0.0266900790166813,0.00281603219870877,24,"Mitochondrial Ribosome Assembly",TRUE
"mtRNA_granules","Mtrna Granules","MITOCARTA","TrajDev",1.80500010906865,0.0266900790166813,0.00333625987708516,26,"Mtrna Granules",TRUE
"OXPHOS_subunits","OXPHOS Subunits","MITOCARTA","TrajDev",1.71848001604966,0.0266900790166813,0.00222640393720316,74,"OXPHOS Subunits",TRUE
"Small_molecule_transport","Small Molecule Transport","MITOCARTA","TrajDev",1.65369724226658,0.0266900790166813,0.00333611342785655,74,"Small Molecule Transport",TRUE
"mtDNA_maintenance","Mtdna Maintenance","MITOCARTA","TrajDev",1.82170996736917,0.0289427815368949,0.00401983076901319,29,"Mtdna Maintenance",TRUE
"Complex_I","Complex I","MITOCARTA","TrajDev",1.59441673451545,0.0558485882717965,0.00853242320819113,53,"Complex I",FALSE
"CI_assembly_factors","Ci Assembly Factors","MITOCARTA","TrajDev",1.66205076558125,0.0726859092848002,0.0125067000178667,22,"Ci Assembly Factors",FALSE
"Electron_carriers","Electron Carriers","MITOCARTA","TrajDev",1.68992392801993,0.0726859092848002,0.0131238447319778,13,"Electron Carriers",FALSE
"TCA-associated","Tca-Associated","MITOCARTA","TrajDev",1.68066610157849,0.0731977818853974,0.0142329020332717,13,"Tca-Associated",FALSE
"Metabolism","Metabolism","MITOCARTA","TrajDev",1.28698222701912,0.0757930353870013,0.0157902157056253,407,"Metabolism",FALSE
"Complex_V","Complex V","MITOCARTA","TrajDev",1.62274872032709,0.0842846949696753,0.0187299322154834,21,"Complex V",FALSE
"SLC25A_family","Slc25a Family","MITOCARTA","TrajDev",1.53645497352643,0.0967564595931831,0.0228452751817238,43,"Slc25a Family",FALSE
"Lysine_metabolism","Lysine Metabolism","MITOCARTA","TrajDev",1.59794454525284,0.100785101332846,0.0251962753332116,16,"Lysine Metabolism",FALSE
"CV_subunits","Cv Subunits","MITOCARTA","TrajDev",1.57606235429933,0.107736994982836,0.0304911447872923,16,"Cv Subunits",FALSE
"mtRNA_stability_and_decay","Mtrna Stability and Decay","MITOCARTA","TrajDev",1.57558863490937,0.107736994982836,0.0291545189504373,17,"Mtrna Stability and Decay",FALSE
"Polycistronic_mtRNA_processing","Polycistronic Mtrna Processing","MITOCARTA","TrajDev",1.58999758075426,0.107736994982836,0.0314232902033272,13,"Polycistronic Mtrna Processing",FALSE
"Complex_III","Complex III","MITOCARTA","TrajDev",1.53943713272765,0.121570282819755,0.0388349514563107,15,"Complex III",FALSE
"mt-rRNA_modifications","Mt-Rrna Modifications","MITOCARTA","TrajDev",1.53940386750049,0.121570282819755,0.0383421581157568,16,"Mt-Rrna Modifications",FALSE
"Carbohydrate_metabolism","Carbohydrate Metabolism","MITOCARTA","TrajDev",1.39874782255504,0.131335504885993,0.0449915110356537,63,"Carbohydrate Metabolism",FALSE
"TCA_cycle","TCA Cycle","MITOCARTA","TrajDev",1.49807134621752,0.131335504885993,0.0456026058631922,18,"TCA Cycle",FALSE
"Metabolism","Metabolism","MITOCARTA","Late",1.8637437962204,1.18509308053293e-07,1.6459626118513e-09,407,"Metabolism",TRUE
"Detoxification","Detoxification","MITOCARTA","Late",2.05280655712052,0.00130902586871124,3.63618296864232e-05,47,"Detoxification",TRUE
"Carbohydrate_metabolism","Carbohydrate Metabolism","MITOCARTA","Late",1.93892519169657,0.00151067535896017,6.29448066233405e-05,63,"Carbohydrate Metabolism",TRUE
"Amino_acid_metabolism","Amino Acid Metabolism","MITOCARTA","Late",1.7788227313384,0.00871969015181742,0.000605534038320654,80,"Amino Acid Metabolism",TRUE
"Mitochondrial_central_dogma","Mitochondrial Central Dogma","MITOCARTA","Late",1.56009803638643,0.00871969015181742,0.000487758194977237,216,"Mitochondrial Central Dogma",TRUE
"ROS_and_glutathione_metabolism","ROS and Glutathione Metabolism","MITOCARTA","Late",1.88196764093853,0.0112710128672543,0.000939251072271193,27,"ROS and Glutathione Metabolism",TRUE
"Lysine_metabolism","Lysine Metabolism","MITOCARTA","Late",1.83813280343982,0.0353731098859108,0.00343905235001911,16,"Lysine Metabolism",TRUE
"CI_assembly_factors","Ci Assembly Factors","MITOCARTA","Late",1.75261009217517,0.0434131736526946,0.00492144614802196,22,"Ci Assembly Factors",TRUE
"Lipid_metabolism","Lipid Metabolism","MITOCARTA","Late",1.53544926620421,0.0434131736526946,0.00542664670658683,103,"Lipid Metabolism",TRUE
"TCA_cycle","TCA Cycle","MITOCARTA","Late",1.75660968803475,0.0530411786928598,0.00736683037400831,18,"TCA Cycle",FALSE
"Translation","Translation","MITOCARTA","Late",1.37867077326738,0.147878787878788,0.0225925925925926,145,"Translation",FALSE
"Complex_I","Complex I","MITOCARTA","Late",1.46092658542488,0.166648724297556,0.0301950487621905,53,"Complex I",FALSE
"mtRNA_metabolism","Mtrna Metabolism","MITOCARTA","Late",1.41918712055993,0.166648724297556,0.0324039186134137,73,"Mtrna Metabolism",FALSE
"TCA-associated","Tca-Associated","MITOCARTA","Late",1.60019450178631,0.166648724297556,0.0279114533205005,13,"Tca-Associated",FALSE
"mtRNA_granules","Mtrna Granules","MITOCARTA","Late",1.50330027093485,0.171331955664099,0.0356941574300207,26,"Mtrna Granules",FALSE
"Fatty_acid_oxidation","Fatty Acid Oxidation","MITOCARTA","Late",1.42584014138196,0.241770715096481,0.0537268255769958,38,"Fatty Acid Oxidation",FALSE
"GOBP_RIBONUCLEOPROTEIN_COMPLEX_BIOGENESIS","Ribonucleoprotein Complex Biogenesis","GOBP","Time_Ctrl",-2.21044877458394,6.08603647499512e-16,5.8507351692743e-18,425,"Ribonucleoprotein Complex Biogenesis",TRUE
"GOBP_RIBOSOME_BIOGENESIS","Ribosome Biogenesis","GOBP","Time_Ctrl",-2.12025228790442,9.31565549242127e-11,1.53800790783967e-12,287,"Ribosome Biogenesis",TRUE
"GOBP_MITOCHONDRIAL_GENE_EXPRESSION","Mitochondrial Gene Expression","GOBP","Time_Ctrl",-2.31685523880859,1.17504081839003e-10,2.03821082395762e-12,160,"Mitochondrial Gene Expression",TRUE
"GOBP_MITOCHONDRIAL_TRANSLATION","Mitochondrial Translation","GOBP","Time_Ctrl",-2.31246036058588,7.39507331312011e-09,1.68456215492182e-10,124,"Mitochondrial Translation",TRUE
"GOBP_REGULATION_OF_MITOCHONDRIAL_GENE_EXPRESSION","Regulation of Mitochondrial Gene Expression","GOBP","Time_Ctrl",-2.0359053625662,0.00217925372617266,0.000127066204723547,32,"Regulation of Mitochondrial Gene Expression",TRUE
"GOBP_REGULATION_OF_MITOCHONDRIAL_TRANSLATION","Regulation of Mitochondrial Translation","GOBP","Time_Ctrl",-1.98160594774753,0.00515024560856801,0.000344426038608519,25,"Regulation of Mitochondrial Translation",TRUE
"GOBP_RIBONUCLEOPROTEIN_COMPLEX_BIOGENESIS","Ribonucleoprotein Complex Biogenesis","GOBP","Early",-1.84310829837727,2.39679853211171e-07,4.00718667855667e-09,425,"Ribonucleoprotein Complex Biogenesis",TRUE
"GOBP_RIBOSOME_BIOGENESIS","Ribosome Biogenesis","GOBP","Early",-1.72468742178496,0.000193250856973091,9.89476697145396e-06,287,"Ribosome Biogenesis",TRUE
"GOBP_CALCIUM_INDEPENDENT_CELL_CELL_ADHESION_VIA_PLASMA_MEMBRANE_CELL_ADHESION_MOLECULES","Calcium Independent Cell Cell Adhesion via Plasma Membran...","GOBP","Early",2.23774972053715,0.000229244570547106,1.22167952956138e-05,17,"Calcium Independent Cell Cell Adhesion via Plasma Membran...",TRUE
"GOBP_MITOCHONDRIAL_GENE_EXPRESSION","Mitochondrial Gene Expression","GOBP","Early",-1.66023456404136,0.00510804536236616,0.000633034670821971,160,"Mitochondrial Gene Expression",TRUE
"GOBP_ESTABLISHMENT_OF_MITOCHONDRION_LOCALIZATION","Establishment of Mitochondrion Localization","GOBP","Early",-1.83225065206889,0.014757814215858,0.00247968289018806,32,"Establishment of Mitochondrion Localization",TRUE
"GOBP_MITOCHONDRIAL_TRANSLATION","Mitochondrial Translation","GOBP","Early",-1.58912004138497,0.0166231949869659,0.00291864283108355,124,"Mitochondrial Translation",TRUE
"GOBP_ESTABLISHMENT_OF_MITOCHONDRION_LOCALIZATION_MICROTUBULE_MEDIATED","Establishment of Mitochondrion Localization Microtubule M...","GOBP","Early",-1.81138116180167,0.0169920178138717,0.00301133356450641,27,"Establishment of Mitochondrion Localization Microtubule M...",TRUE
"GOBP_MITOCHONDRION_LOCALIZATION","Mitochondrion Localization","GOBP","Early",-1.69101394602815,0.0232281672989976,0.00464077908836817,53,"Mitochondrion Localization",TRUE
"GOBP_POSITIVE_REGULATION_OF_CYTOPLASMIC_TRANSLATION","Positive Regulation of Cytoplasmic Translation","GOBP","Early",-1.79157508388554,0.0282455751660713,0.0059678738752138,16,"Positive Regulation of Cytoplasmic Translation",TRUE
"GOBP_REGULATION_OF_CALCIUM_ION_DEPENDENT_EXOCYTOSIS","Regulation of Calcium Ion Dependent Exocytosis","GOBP","Early",-1.67797977423957,0.0363422154153625,0.00827098695659974,38,"Regulation of Calcium Ion Dependent Exocytosis",TRUE
"GOBP_CALCIUM_ION_REGULATED_EXOCYTOSIS","Calcium Ion Regulated Exocytosis","GOBP","Early",-1.58812471940098,0.0411005175410526,0.00983492008035636,61,"Calcium Ion Regulated Exocytosis",TRUE
"GOBP_STORE_OPERATED_CALCIUM_ENTRY","Store Operated Calcium Entry","GOBP","Early",1.72104137214814,0.0436478803545574,0.0106051697480456,19,"Store Operated Calcium Entry",TRUE
"GOBP_RIBONUCLEOPROTEIN_COMPLEX_BIOGENESIS","Ribonucleoprotein Complex Biogenesis","GOBP","TrajDev",1.72030003817208,1.00635156778456e-05,1.91385564615246e-07,425,"Ribonucleoprotein Complex Biogenesis",TRUE
"GOBP_MITOCHONDRIAL_GENE_EXPRESSION","Mitochondrial Gene Expression","GOBP","TrajDev",1.99109454791008,1.17280753335184e-05,2.27390923126019e-07,160,"Mitochondrial Gene Expression",TRUE
"GOBP_CYTOPLASMIC_TRANSLATION","Cytoplasmic Translation","GOBP","TrajDev",-1.83522032740912,0.00032734222466921,1.12192528413271e-05,157,"Cytoplasmic Translation",TRUE
"GOBP_MITOCHONDRIAL_TRANSLATION","Mitochondrial Translation","GOBP","TrajDev",1.89569872507714,0.000390306944421889,1.41929797971596e-05,124,"Mitochondrial Translation",TRUE
"GOBP_RIBOSOME_BIOGENESIS","Ribosome Biogenesis","GOBP","TrajDev",1.593128712781,0.00374448720913409,0.000216765508240364,287,"Ribosome Biogenesis",TRUE
"GOBP_REGULATION_OF_MITOCHONDRIAL_GENE_EXPRESSION","Regulation of Mitochondrial Gene Expression","GOBP","TrajDev",1.91901641690828,0.00877544362249232,0.000669391206313416,32,"Regulation of Mitochondrial Gene Expression",TRUE
"GOBP_REGULATION_OF_MITOCHONDRIAL_TRANSLATION","Regulation of Mitochondrial Translation","GOBP","TrajDev",1.86639303865401,0.0171487074188948,0.00170836744136385,25,"Regulation of Mitochondrial Translation",TRUE
"GOBP_CALCIUM_INDEPENDENT_CELL_CELL_ADHESION_VIA_PLASMA_MEMBRANE_CELL_ADHESION_MOLECULES","Calcium Independent Cell Cell Adhesion via Plasma Membran...","GOBP","TrajDev",-1.79440967865445,0.0436150248259185,0.00635160344674425,17,"Calcium Independent Cell Cell Adhesion via Plasma Membran...",TRUE
"GOBP_CYTOPLASMIC_TRANSLATION","Cytoplasmic Translation","GOBP","Late",-1.83806386083433,0.00744660196370299,1.24499092392109e-05,157,"Cytoplasmic Translation",TRUE
"GOCC_MITOCHONDRIAL_MATRIX","Mitochondrial Matrix","GOCC","Time_Ctrl",-1.93427273055287,3.10347116555566e-10,9.89942955520146e-12,476,"Mitochondrial Matrix",TRUE
"GOCC_ORGANELLAR_RIBOSOME","Organellar Ribosome","GOCC","Time_Ctrl",-2.26009812973792,3.65312116270529e-07,1.90909320439878e-08,82,"Organellar Ribosome",TRUE
"GOCC_MITOCHONDRIAL_PROTEIN_CONTAINING_COMPLEX","Mitochondrial Protein Containing Complex","GOCC","Time_Ctrl",-2.07138104016014,6.67120457943013e-07,3.83035669632352e-08,165,"Mitochondrial Protein Containing Complex",TRUE
"GOCC_SMALL_NUCLEAR_RIBONUCLEOPROTEIN_COMPLEX","Small Nuclear Ribonucleoprotein Complex","GOCC","Time_Ctrl",-2.2100882742963,2.10207482885385e-06,1.50866614511042e-07,74,"Small Nuclear Ribonucleoprotein Complex",TRUE
"GOCC_CYTOSOLIC_LARGE_RIBOSOMAL_SUBUNIT","Cytosolic Large Ribosomal Subunit","GOCC","Time_Ctrl",2.22401319978759,5.21883387107849e-05,5.32069432441071e-06,51,"Cytosolic Large Ribosomal Subunit",TRUE
"GOCC_CYTOSOLIC_RIBOSOME","Cytosolic Ribosome","GOCC","Time_Ctrl",1.90491270105091,0.000186497057593066,2.26057039506747e-05,103,"Cytosolic Ribosome",TRUE
"GOCC_MITOCHONDRIAL_SMALL_RIBOSOMAL_SUBUNIT","Mitochondrial Small Ribosomal Subunit","GOCC","Time_Ctrl",-1.98663026345014,0.00183626548024361,0.000304579920168,29,"Mitochondrial Small Ribosomal Subunit",TRUE
"GOCC_90S_PRERIBOSOME","90s Preribosome","GOCC","Time_Ctrl",-1.97805375186387,0.00224969927763843,0.000391096046670795,24,"90s Preribosome",TRUE
"GOCC_SMALL_NUCLEAR_RIBONUCLEOPROTEIN_COMPLEX","Small Nuclear Ribonucleoprotein Complex","GOCC","Early",-2.10300540340568,3.98926936772534e-05,3.56298380530493e-06,74,"Small Nuclear Ribonucleoprotein Complex",TRUE
"GOCC_ORGANELLAR_RIBOSOME","Organellar Ribosome","GOCC","Early",-1.6915655675957,0.00675073289759329,0.00156117427456304,82,"Organellar Ribosome",TRUE
"GOCC_MITOCHONDRIAL_PROTEIN_CONTAINING_COMPLEX","Mitochondrial Protein Containing Complex","GOCC","Early",-1.57261886576273,0.00770705804262851,0.00183150183150183,165,"Mitochondrial Protein Containing Complex",TRUE
"GOCC_90S_PRERIBOSOME","90s Preribosome","GOCC","Early",-1.81271497739772,0.0135945973086965,0.00380069103473359,24,"90s Preribosome",TRUE
"GOCC_CYTOSOLIC_LARGE_RIBOSOMAL_SUBUNIT","Cytosolic Large Ribosomal Subunit","GOCC","Early",1.66201779760418,0.0181269627604963,0.00540628713909538,51,"Cytosolic Large Ribosomal Subunit",TRUE
"GOCC_CYTOSOLIC_RIBOSOME","Cytosolic Ribosome","GOCC","TrajDev",-2.43374707101959,1.32112543582176e-08,3.37129297817354e-10,103,"Cytosolic Ribosome",TRUE
"GOCC_CYTOSOLIC_LARGE_RIBOSOMAL_SUBUNIT","Cytosolic Large Ribosomal Subunit","GOCC","TrajDev",-2.51061357221848,2.45192651956245e-07,1.03783777695447e-08,51,"Cytosolic Large Ribosomal Subunit",TRUE
"GOCC_SMALL_NUCLEAR_RIBONUCLEOPROTEIN_COMPLEX","Small Nuclear Ribonucleoprotein Complex","GOCC","TrajDev",1.95700399491016,0.000571341288356233,5.64962677481442e-05,74,"Small Nuclear Ribonucleoprotein Complex",TRUE
"GOCC_ORGANELLAR_RIBOSOME","Organellar Ribosome","GOCC","TrajDev",1.84141509352938,0.00227849757250976,0.000268758503687031,82,"Organellar Ribosome",TRUE
"GOCC_MITOCHONDRIAL_MATRIX","Mitochondrial Matrix","GOCC","TrajDev",1.46813877710529,0.00259643035387504,0.000318859868019742,476,"Mitochondrial Matrix",TRUE
"GOCC_CYTOSOLIC_SMALL_RIBOSOMAL_SUBUNIT","Cytosolic Small Ribosomal Subunit","GOCC","TrajDev",-2.01219721648854,0.0031689759243778,0.000414443422326922,35,"Cytosolic Small Ribosomal Subunit",TRUE
"GOCC_MITOCHONDRIAL_SMALL_RIBOSOMAL_SUBUNIT","Mitochondrial Small Ribosomal Subunit","GOCC","TrajDev",1.86366075177286,0.00898035291885482,0.0015182095843678,29,"Mitochondrial Small Ribosomal Subunit",TRUE
"GOCC_LARGE_RIBOSOMAL_SUBUNIT","Large Ribosomal Subunit","GOCC","TrajDev",-1.61740065599612,0.0103657599508222,0.00181855437733723,106,"Large Ribosomal Subunit",TRUE
"GOCC_MITOCHONDRIAL_PROTEIN_CONTAINING_COMPLEX","Mitochondrial Protein Containing Complex","GOCC","TrajDev",1.53930588013519,0.0139957848723753,0.00256700998456644,165,"Mitochondrial Protein Containing Complex",TRUE
"GOCC_RIBOSOMAL_SUBUNIT","Ribosomal Subunit","GOCC","TrajDev",-1.45312311740182,0.0262964404653778,0.00616519417609336,168,"Ribosomal Subunit",TRUE
"GOCC_RIBOSOME","Ribosome","GOCC","TrajDev",-1.36846429968681,0.0399379768552313,0.0117839325649407,208,"Ribosome",TRUE
"GOCC_90S_PRERIBOSOME","90s Preribosome","GOCC","TrajDev",1.6448366174282,0.0481542126326536,0.0147610121836926,24,"90s Preribosome",TRUE
"GOCC_CYTOSOLIC_RIBOSOME","Cytosolic Ribosome","GOCC","Late",-2.50957583064223,4.09315406297161e-08,6.52815640027369e-11,103,"Cytosolic Ribosome",TRUE
"GOCC_MITOCHONDRIAL_MATRIX","Mitochondrial Matrix","GOCC","Late",1.73439153515254,1.86691604105121e-05,5.95507509107243e-08,476,"Mitochondrial Matrix",TRUE
"GOCC_CYTOSOLIC_LARGE_RIBOSOMAL_SUBUNIT","Cytosolic Large Ribosomal Subunit","GOCC","Late",-2.45442332143659,4.16629554542903e-05,1.99344284470288e-07,51,"Cytosolic Large Ribosomal Subunit",TRUE
"GOCC_RIBOSOME","Ribosome","GOCC","Late",-1.77242837221141,0.00281409407645768,2.24409415985461e-05,208,"Ribosome",TRUE
"GOCC_RIBOSOMAL_SUBUNIT","Ribosomal Subunit","GOCC","Late",-1.76067045082385,0.0101854626389986,0.000129958055999982,168,"Ribosomal Subunit",TRUE
"GOCC_CYTOSOLIC_SMALL_RIBOSOMAL_SUBUNIT","Cytosolic Small Ribosomal Subunit","GOCC","Late",-2.00375340466384,0.0262304683414563,0.000460183655113268,35,"Cytosolic Small Ribosomal Subunit",TRUE
"GOCC_LARGE_RIBOSOMAL_SUBUNIT","Large Ribosomal Subunit","GOCC","Late",-1.73620721688453,0.0317860845731929,0.000659041625919469,106,"Large Ribosomal Subunit",TRUE
"GOMF_STRUCTURAL_CONSTITUENT_OF_RIBOSOME","Structural Constituent of Ribosome","GOMF","TrajDev",-1.66822609927332,0.00841743442255207,0.00053378852435696,144,"Structural Constituent of Ribosome",TRUE
"GOMF_CALCIUM_CALMODULIN_DEPENDENT_PROTEIN_KINASE_ACTIVITY","Calcium Calmodulin Dependent Protein Kinase Activity","GOMF","TrajDev",1.76281718732598,0.0358074490022008,0.00387768472121395,30,"Calcium Calmodulin Dependent Protein Kinase Activity",TRUE
"GOMF_STRUCTURAL_CONSTITUENT_OF_RIBOSOME","Structural Constituent of Ribosome","GOMF","Late",-1.98318858567668,0.00114996639328406,4.48767372988901e-06,144,"Structural Constituent of Ribosome",TRUE
"KEGG_MEDICUS_REFERENCE_TRANSLATION_INITIATION","Reference Translation Initiation","KEGG","Time_Ctrl",2.46668159707855,1.84007838614821e-07,5.1833193976006e-09,74,"Reference Translation Initiation",TRUE
"KEGG_MEDICUS_REFERENCE_TRANSLATION_INITIATION","Reference Translation Initiation","KEGG","Early",2.11847764279369,0.000126063800563241,3.55780226629319e-06,74,"Reference Translation Initiation",TRUE
"KEGG_MEDICUS_REFERENCE_TRANSLATION_INITIATION","Reference Translation Initiation","KEGG","TrajDev",-2.96489922419122,1.21992930696104e-13,3.43642058298885e-16,74,"Reference Translation Initiation",TRUE
"KEGG_MEDICUS_REFERENCE_TRANSLATION_INITIATION","Reference Translation Initiation","KEGG","Late",-2.66510935685292,1.30381684500341e-08,3.67272350705187e-11,74,"Reference Translation Initiation",TRUE
"REACTOME_EUKARYOTIC_TRANSLATION_ELONGATION","Eukaryotic Translation Elongation","REACTOME","Time_Ctrl",2.47208855740934,3.3263651846839e-08,2.18332849959947e-09,83,"Eukaryotic Translation Elongation",TRUE
"REACTOME_MITOCHONDRIAL_TRANSLATION","Mitochondrial Translation","REACTOME","Time_Ctrl",-2.17501191633739,1.45438107685872e-06,1.25784309349944e-07,89,"Mitochondrial Translation",TRUE
"REACTOME_EUKARYOTIC_TRANSLATION_INITIATION","Eukaryotic Translation Initiation","REACTOME","Time_Ctrl",1.99991946862433,4.54844082551105e-05,4.81186403934373e-06,109,"Eukaryotic Translation Initiation",TRUE
"REACTOME_SRP_DEPENDENT_COTRANSLATIONAL_PROTEIN_TARGETING_TO_MEMBRANE","Srp Dependent Cotranslational Protein Targeting to Membrane","REACTOME","Time_Ctrl",1.97558821942866,5.12616999806857e-05,5.50222107900796e-06,103,"Srp Dependent Cotranslational Protein Targeting to Membrane",TRUE
"REACTOME_MITOCHONDRIAL_PROTEIN_IMPORT","Mitochondrial Protein Import","REACTOME","Time_Ctrl",-1.80249008364117,0.00533926676818374,0.000952409747838181,55,"Mitochondrial Protein Import",TRUE
"REACTOME_MITOCHONDRIAL_BIOGENESIS","Mitochondrial Biogenesis","REACTOME","Time_Ctrl",-1.59537619805589,0.0188599756695091,0.00429628789382639,90,"Mitochondrial Biogenesis",TRUE
"REACTOME_EUKARYOTIC_TRANSLATION_ELONGATION","Eukaryotic Translation Elongation","REACTOME","Early",1.93903974436828,0.0003647636606557,3.5208847553639e-05,83,"Eukaryotic Translation Elongation",TRUE
"REACTOME_SRP_DEPENDENT_COTRANSLATIONAL_PROTEIN_TARGETING_TO_MEMBRANE","Srp Dependent Cotranslational Protein Targeting to Membrane","REACTOME","Early",1.84546126862292,0.000852718254635678,9.46639563908854e-05,103,"Srp Dependent Cotranslational Protein Targeting to Membrane",TRUE
"REACTOME_MITOCHONDRIAL_BIOGENESIS","Mitochondrial Biogenesis","REACTOME","Early",-1.64294021356538,0.0138480765774843,0.00253435841611104,90,"Mitochondrial Biogenesis",TRUE
"REACTOME_EUKARYOTIC_TRANSLATION_INITIATION","Eukaryotic Translation Initiation","REACTOME","Early",1.5756947282172,0.0155546960768534,0.00295479168718605,109,"Eukaryotic Translation Initiation",TRUE
"REACTOME_CARBOXYTERMINAL_POST_TRANSLATIONAL_MODIFICATIONS_OF_TUBULIN","Carboxyterminal Post Translational Modifications of Tubulin","REACTOME","Early",-1.7230845774522,0.023458837300039,0.00505584739229431,40,"Carboxyterminal Post Translational Modifications of Tubulin",TRUE
"REACTOME_ELEVATION_OF_CYTOSOLIC_CA2_LEVELS","Elevation of Cytosolic Ca2 Levels","REACTOME","Early",1.77498270879872,0.0365768119516626,0.00892530700905435,13,"Elevation of Cytosolic Ca2 Levels",TRUE
"REACTOME_PRESYNAPTIC_DEPOLARIZATION_AND_CALCIUM_CHANNEL_OPENING","Presynaptic Depolarization and Calcium Channel Opening","REACTOME","Early",-1.73492593783745,0.043896551846945,0.0113713254642508,11,"Presynaptic Depolarization and Calcium Channel Opening",TRUE
"REACTOME_MITOCHONDRIAL_PROTEIN_IMPORT","Mitochondrial Protein Import","REACTOME","Early",-1.58730016007158,0.0441960228738328,0.0115908330250665,55,"Mitochondrial Protein Import",TRUE
"REACTOME_EUKARYOTIC_TRANSLATION_ELONGATION","Eukaryotic Translation Elongation","REACTOME","TrajDev",-2.9469409744777,2.41648038596057e-14,2.61241122806548e-16,83,"Eukaryotic Translation Elongation",TRUE
"REACTOME_SRP_DEPENDENT_COTRANSLATIONAL_PROTEIN_TARGETING_TO_MEMBRANE","Srp Dependent Cotranslational Protein Targeting to Membrane","REACTOME","TrajDev",-2.70437882861404,9.91543730775789e-12,1.76104291952457e-13,103,"Srp Dependent Cotranslational Protein Targeting to Membrane",TRUE
"REACTOME_EUKARYOTIC_TRANSLATION_INITIATION","Eukaryotic Translation Initiation","REACTOME","TrajDev",-2.53982528831296,1.57634121848516e-10,3.16485495603199e-12,109,"Eukaryotic Translation Initiation",TRUE
"REACTOME_MITOCHONDRIAL_BIOGENESIS","Mitochondrial Biogenesis","REACTOME","TrajDev",1.80860165427767,0.00200809955401781,0.000215541187651333,90,"Mitochondrial Biogenesis",TRUE
"REACTOME_MITOCHONDRIAL_TRANSLATION","Mitochondrial Translation","REACTOME","TrajDev",1.66754883096511,0.0118642709084871,0.00178651183564091,89,"Mitochondrial Translation",TRUE
"REACTOME_TRANSCRIPTIONAL_ACTIVATION_OF_MITOCHONDRIAL_BIOGENESIS","Transcriptional Activation of Mitochondrial Biogenesis","REACTOME","TrajDev",1.73441773335227,0.0138738900887929,0.0021426857279989,52,"Transcriptional Activation of Mitochondrial Biogenesis",TRUE
"REACTOME_EUKARYOTIC_TRANSLATION_ELONGATION","Eukaryotic Translation Elongation","REACTOME","Late",-2.71908445601828,3.76294609531153e-10,2.90574988054945e-13,83,"Eukaryotic Translation Elongation",TRUE
"REACTOME_SRP_DEPENDENT_COTRANSLATIONAL_PROTEIN_TARGETING_TO_MEMBRANE","Srp Dependent Cotranslational Protein Targeting to Membrane","REACTOME","Late",-2.56453069544681,2.39698013911213e-08,5.19707301037766e-11,103,"Srp Dependent Cotranslational Protein Targeting to Membrane",TRUE
"REACTOME_EUKARYOTIC_TRANSLATION_INITIATION","Eukaryotic Translation Initiation","REACTOME","Late",-2.47286690220056,5.11124999549768e-08,1.5787644773738e-10,109,"Eukaryotic Translation Initiation",TRUE
"REACTOME_MITOCHONDRIAL_FATTY_ACID_BETA_OXIDATION","Mitochondrial Fatty Acid beta Oxidation","REACTOME","Late",1.98189571800635,0.0138427714639583,0.000299303166788288,34,"Mitochondrial Fatty Acid beta Oxidation",TRUE
"REACTOME_SARS_COV_2_MODULATES_HOST_TRANSLATION_MACHINERY","Sars Cov 2 Modulates Host Translation Machinery","REACTOME","Late",-1.88479781415396,0.0376064544436917,0.0013600527020422,43,"Sars Cov 2 Modulates Host Translation Machinery",TRUE
"WP_CYTOPLASMIC_RIBOSOMAL_PROTEINS","Cytoplasmic Ribosomal Proteins","WIKI","Time_Ctrl",2.23977121226507,5.68938679201728e-06,1.77289673405638e-07,80,"Cytoplasmic Ribosomal Proteins",TRUE
"WP_MITOCHONDRIAL_COMPLEX_I_ASSEMBLY_MODEL_OXPHOS_SYSTEM","Mitochondrial Complex I Assembly Model OXPHOS System","WIKI","Time_Ctrl",-1.7826025937874,0.0215730551268735,0.00168062044189525,44,"Mitochondrial Complex I Assembly Model OXPHOS System",TRUE
"WP_ELECTRON_TRANSPORT_CHAIN_OXPHOS_SYSTEM_IN_MITOCHONDRIA","Electron Transport Chain OXPHOS System in Mitochondria","WIKI","Time_Ctrl",-1.63953564868821,0.036887693716236,0.00313493147730051,80,"Electron Transport Chain OXPHOS System in Mitochondria",TRUE
"WP_CYTOPLASMIC_RIBOSOMAL_PROTEINS","Cytoplasmic Ribosomal Proteins","WIKI","Early",1.87216506977091,0.00195959638598918,0.000116576555540433,80,"Cytoplasmic Ribosomal Proteins",TRUE
"WP_ELECTRON_TRANSPORT_CHAIN_OXPHOS_SYSTEM_IN_MITOCHONDRIA","Electron Transport Chain OXPHOS System in Mitochondria","WIKI","Early",-1.71811342082439,0.0131131436873648,0.00147371307149222,80,"Electron Transport Chain OXPHOS System in Mitochondria",TRUE
"WP_MITOCHONDRIAL_GENE_EXPRESSION","Mitochondrial Gene Expression","WIKI","Early",-1.87394021280372,0.0191061392039061,0.00246268933081509,19,"Mitochondrial Gene Expression",TRUE
"WP_CYTOPLASMIC_RIBOSOMAL_PROTEINS","Cytoplasmic Ribosomal Proteins","WIKI","TrajDev",-2.7528556931012,3.49268018361452e-11,1.97885562811021e-13,80,"Cytoplasmic Ribosomal Proteins",TRUE
"WP_ELECTRON_TRANSPORT_CHAIN_OXPHOS_SYSTEM_IN_MITOCHONDRIA","Electron Transport Chain OXPHOS System in Mitochondria","WIKI","TrajDev",1.70900745592366,0.0220573068201627,0.0014684042783961,80,"Electron Transport Chain OXPHOS System in Mitochondria",TRUE
"WP_MITOCHONDRIAL_GENE_EXPRESSION","Mitochondrial Gene Expression","WIKI","TrajDev",1.88022802296303,0.0258173977357148,0.00201127036184747,19,"Mitochondrial Gene Expression",TRUE
"WP_MITOCHONDRIAL_COMPLEX_I_ASSEMBLY_MODEL_OXPHOS_SYSTEM","Mitochondrial Complex I Assembly Model OXPHOS System","WIKI","TrajDev",1.77511748007797,0.0277219653864391,0.0023287337944458,44,"Mitochondrial Complex I Assembly Model OXPHOS System",TRUE
"WP_CYTOPLASMIC_RIBOSOMAL_PROTEINS","Cytoplasmic Ribosomal Proteins","WIKI","Late",-2.48136987485122,2.61944875426392e-06,3.71026735731433e-09,80,"Cytoplasmic Ribosomal Proteins",TRUE
